Workbook

Sheet Hướng dẫn
A1: QUẢN LÝ QUÁN SỮA — MỖI DANH MỤC MỘT SHEET RIÊNG
A3: Cách thêm dữ liệu mới mà không ảnh hưởng bảng khác
A4: Sheet | B4: Cách sử dụng
A5: Hàng hóa | B5: Thêm nguyên liệu, topping hoặc bao bì vào dòng trống tiếp theo.
A6: Size | B6: Thêm size mới vào dòng trống tiếp theo.
A7: Sản phẩm | B7: Chọn tên topping và size; tên sản phẩm và cost tự tính.
A8: Thiết lập | B8: Điện, nước, overhead, chi phí cố định và khấu hao.
A9: Nhập hàng | B9: Chọn tên hàng, nhập số gói và giá thực tế.
A10: Mẻ sữa | B10: Mỗi mẻ có công thức riêng; thêm nguyên liệu ở bảng chi tiết.
A11: Bán hàng | B11: Chọn sản phẩm và đúng mẻ sữa đã dùng.
A13: Lưu ý
A14: Thao tác | B14: Khuyến nghị
A15: Thêm mục mới | B15: Không cần Insert Row. Chỉ nhập vào dòng trống tiếp theo đã chuẩn bị sẵn.
A16: Tên không trùng | B16: Không đặt hai hàng hóa hoặc hai sản phẩm trùng tên hoàn toàn.
A17: Mã nội bộ | B17: Mã được tạo sẵn hoặc tự sinh; khi vận hành chỉ cần chọn bằng tên.
A19: Sheet | B19: Cách sử dụng
A20: Đầu tư & Tài sản | B20: Nhập máy móc, nồi nấu, bếp, tủ lạnh, xe/quầy và dụng cụ lớn.
A21: Khấu hao | B21: Tổng khấu hao/tháng tự liên kết vào Thiết lập và được phân bổ vào cost mỗi ly.
A22: Tổng quan | B22: Hiển thị tổng vốn đầu tư và tiền mua tài sản trong khoảng ngày đang xem.
A23: Sheet | B23: Cách sử dụng
A24: Bán nhanh | B24: Nhập ngày, tên mẻ, thanh toán và số lượng từng món trên một dòng.
A25: Bán hàng | B25: Tự tách dữ liệu từ Bán nhanh. Không nhập hoặc sửa trực tiếp tại sheet này.
A26: Nhiều mẻ trong ngày | B26: Nhập nhiều dòng cùng ngày; mỗi dòng chọn một mẻ sữa khác nhau.

Sheet Thiết lập
A1: THIẾT LẬP CHI PHÍ
A3: Thông số | B3: Giá trị
A4: Công suất bếp mặc định (kW) | B4: 2
A5: Giá điện (đ/kWh) | B5: 3000
A6: Điện khác mỗi mẻ (đ) | B6: 0
A7: Nước/vệ sinh mỗi mẻ (đ) | B7: 5000
A8: Overhead biến đổi | B8: 0.05
A9: Số ly dự kiến/tháng | B9: 1000
A10: Chi phí cố định/tháng (đ) | B10: 0
A11: Khấu hao/tháng từ tài sản (đ) | B11: ='Đầu tư & Tài sản'!$B$208 -> 91363.889
A12: Phân bổ cố định + khấu hao/ly (đ) | B12: =IFERROR((B10+B11)/B9,0) -> 91.363889
A13: Ghi chú | B13: Điện/nước có thể sửa riêng ở từng mẻ
A14: Liên kết tài sản | B14: Tự động
A15: Luồng công thức | B15: Đầu tư & Tài sản → Thiết lập → Sản phẩm/Bán hàng/Tổng quan

Sheet Đầu tư & Tài sản
A1: ĐẦU TƯ BAN ĐẦU & TÀI SẢN KHẤU HAO
A2: Nhập máy móc, nồi nấu, bếp, tủ lạnh, xe/quầy và dụng cụ lớn tại đây. Tổng khấu hao/tháng sẽ tự liên kết sang Thiết lập và cost mỗi ly. | N2: Nhóm tài sản | O2: Kích hoạt
A3: Ngày mua | B3: Tên tài sản | C3: Nhóm tài sản | D3: Số lượng | E3: Đơn giá (đ) | F3: Tổng tiền (đ) | G3: Giá trị còn lại (đ) | H3: Thời gian sử dụng (tháng) | I3: Khấu hao/tháng (đ) | J3: Kích hoạt | K3: Ghi chú | L3: Mã nội bộ | N3: Máy móc | O3: Có
A4: 46224 | B4: Vá múc canh | C4: Dụng cụ lớn | D4: 1 | E4: 120000 | F4: =IF(OR(B4="",D4="",E4=""),0,D4*E4) -> 120000 | G4: 0 | H4: 36 | I4: =IF(OR(B4="",J4<>"Có"),0,IFERROR(MAX(0,(F4-G4)/H4),0)) -> 3333.3333 | J4: Có | L4: =IF(B4="","","TS-"&TEXT(ROW()-3,"000")) -> TS-001 | N4: Dụng cụ lớn | O4: Không
A5: 46224 | B5: Xô đá giữ nhiệt | C5: Cơ sở vật chất | D5: 2 | E5: 185000 | F5: =IF(OR(B5="",D5="",E5=""),0,D5*E5) -> 370000 | G5: 0 | H5: 36 | I5: =IF(OR(B5="",J5<>"Có"),0,IFERROR(MAX(0,(F5-G5)/H5),0)) -> 10277.778 | J5: Có | L5: =IF(B5="","","TS-"&TEXT(ROW()-3,"000")) -> TS-002 | N5: Cơ sở vật chất
A6: 46224 | B6: Khay làm đá nhỏ | C6: Cơ sở vật chất | D6: 5 | E6: 20000 | F6: =IF(OR(B6="",D6="",E6=""),0,D6*E6) -> 100000 | G6: 0 | H6: 36 | I6: =IF(OR(B6="",J6<>"Có"),0,IFERROR(MAX(0,(F6-G6)/H6),0)) -> 2777.7778 | J6: Có | L6: =IF(B6="","","TS-"&TEXT(ROW()-3,"000")) -> TS-003 | N6: Khác
A7: 46223 | B7: Máy bào đá / máy xay | C7: Máy móc | D7: 1 | E7: 682200 | F7: =IF(OR(B7="",D7="",E7=""),0,D7*E7) -> 682200 | G7: 0 | H7: 12 | I7: =IF(OR(B7="",J7<>"Có"),0,IFERROR(MAX(0,(F7-G7)/H7),0)) -> 56850 | J7: Có | L7: =IF(B7="","","TS-"&TEXT(ROW()-3,"000")) -> TS-004
A8: 46223 | B8: Bàn inox | C8: Cơ sở vật chất | D8: 1 | E8: 420000 | F8: =IF(OR(B8="",D8="",E8=""),0,D8*E8) -> 420000 | G8: 0 | H8: 24 | I8: =IF(OR(B8="",J8<>"Có"),0,IFERROR(MAX(0,(F8-G8)/H8),0)) -> 17500 | J8: Có | L8: =IF(B8="","","TS-"&TEXT(ROW()-3,"000")) -> TS-005
A9: 46225 | B9: Hũ nhựa topping | C9: Cơ sở vật chất | D9: 2 | E9: 7500 | F9: =IF(OR(B9="",D9="",E9=""),0,D9*E9) -> 15000 | G9: 0 | H9: 24 | I9: =IF(OR(B9="",J9<>"Có"),0,IFERROR(MAX(0,(F9-G9)/H9),0)) -> 625 | J9: Có | L9: =IF(B9="","","TS-"&TEXT(ROW()-3,"000")) -> TS-006
A10: 46225 | B10: Kệ đựng ly | C10: Cơ sở vật chất | D10: 1 | E10: 120000 | F10: =IF(OR(B10="",D10="",E10=""),0,D10*E10) -> 120000 | H10: 60 | I10: =IF(OR(B10="",J10<>"Có"),0,IFERROR(MAX(0,(F10-G10)/H10),0)) -> 0 | L10: =IF(B10="","","TS-"&TEXT(ROW()-3,"000")) -> TS-007
A11: 46225 | B11: In bảng chỉ đường | C11: Cơ sở vật chất | D11: 2 | E11: 50000 | F11: =IF(OR(B11="",D11="",E11=""),0,D11*E11) -> 100000 | H11: 24 | I11: =IF(OR(B11="",J11<>"Có"),0,IFERROR(MAX(0,(F11-G11)/H11),0)) -> 0 | L11: =IF(B11="","","TS-"&TEXT(ROW()-3,"000")) -> TS-008
A12: 46224 | B12: In Bảng Quảng Cáo | C12: Cơ sở vật chất | D12: 1 | E12: 150000 | F12: =IF(OR(B12="",D12="",E12=""),0,D12*E12) -> 150000 | H12: 24 | I12: =IF(OR(B12="",J12<>"Có"),0,IFERROR(MAX(0,(F12-G12)/H12),0)) -> 0 | L12: =IF(B12="","","TS-"&TEXT(ROW()-3,"000")) -> TS-009
A13: 46225 | B13: In Bảng QR | C13: Cơ sở vật chất | D13: 1 | E13: 50000 | F13: =IF(OR(B13="",D13="",E13=""),0,D13*E13) -> 50000 | H13: 36 | I13: =IF(OR(B13="",J13<>"Có"),0,IFERROR(MAX(0,(F13-G13)/H13),0)) -> 0 | L13: =IF(B13="","","TS-"&TEXT(ROW()-3,"000")) -> TS-010
A14: 46225 | B14: Khay đá lớn | C14: Cơ sở vật chất | D14: 10 | E14: 25000 | F14: =IF(OR(B14="",D14="",E14=""),0,D14*E14) -> 250000 | H14: 24 | I14: =IF(OR(B14="",J14<>"Có"),0,IFERROR(MAX(0,(F14-G14)/H14),0)) -> 0 | L14: =IF(B14="","","TS-"&TEXT(ROW()-3,"000")) -> TS-011
A15: 46225 | B15: Chân kê bảng quảng cáo | C15: Cơ sở vật chất | D15: 1 | E15: 130000 | F15: =IF(OR(B15="",D15="",E15=""),0,D15*E15) -> 130000 | H15: 12 | I15: =IF(OR(B15="",J15<>"Có"),0,IFERROR(MAX(0,(F15-G15)/H15),0)) -> 0 | L15: =IF(B15="","","TS-"&TEXT(ROW()-3,"000")) -> TS-012
A16: 46225 | B16: In Bảng Quảng Cáo 2 | C16: Cơ sở vật chất | D16: 1 | E16: 130000 | F16: =IF(OR(B16="",D16="",E16=""),0,D16*E16) -> 130000 | I16: =IF(OR(B16="",J16<>"Có"),0,IFERROR(MAX(0,(F16-G16)/H16),0)) -> 0 | L16: =IF(B16="","","TS-"&TEXT(ROW()-3,"000")) -> TS-013
F17: =IF(OR(B17="",D17="",E17=""),0,D17*E17) -> 0 | I17: =IF(OR(B17="",J17<>"Có"),0,IFERROR(MAX(0,(F17-G17)/H17),0)) -> 0 | L17: =IF(B17="","","TS-"&TEXT(ROW()-3,"000"))
F18: =IF(OR(B18="",D18="",E18=""),0,D18*E18) -> 0 | I18: =IF(OR(B18="",J18<>"Có"),0,IFERROR(MAX(0,(F18-G18)/H18),0)) -> 0 | L18: =IF(B18="","","TS-"&TEXT(ROW()-3,"000"))
F19: =IF(OR(B19="",D19="",E19=""),0,D19*E19) -> 0 | I19: =IF(OR(B19="",J19<>"Có"),0,IFERROR(MAX(0,(F19-G19)/H19),0)) -> 0 | L19: =IF(B19="","","TS-"&TEXT(ROW()-3,"000"))
F20: =IF(OR(B20="",D20="",E20=""),0,D20*E20) -> 0 | I20: =IF(OR(B20="",J20<>"Có"),0,IFERROR(MAX(0,(F20-G20)/H20),0)) -> 0 | L20: =IF(B20="","","TS-"&TEXT(ROW()-3,"000"))
F21: =IF(OR(B21="",D21="",E21=""),0,D21*E21) -> 0 | I21: =IF(OR(B21="",J21<>"Có"),0,IFERROR(MAX(0,(F21-G21)/H21),0)) -> 0 | L21: =IF(B21="","","TS-"&TEXT(ROW()-3,"000"))
F22: =IF(OR(B22="",D22="",E22=""),0,D22*E22) -> 0 | I22: =IF(OR(B22="",J22<>"Có"),0,IFERROR(MAX(0,(F22-G22)/H22),0)) -> 0 | L22: =IF(B22="","","TS-"&TEXT(ROW()-3,"000"))
F23: =IF(OR(B23="",D23="",E23=""),0,D23*E23) -> 0 | I23: =IF(OR(B23="",J23<>"Có"),0,IFERROR(MAX(0,(F23-G23)/H23),0)) -> 0 | L23: =IF(B23="","","TS-"&TEXT(ROW()-3,"000"))
F24: =IF(OR(B24="",D24="",E24=""),0,D24*E24) -> 0 | I24: =IF(OR(B24="",J24<>"Có"),0,IFERROR(MAX(0,(F24-G24)/H24),0)) -> 0 | L24: =IF(B24="","","TS-"&TEXT(ROW()-3,"000"))
F25: =IF(OR(B25="",D25="",E25=""),0,D25*E25) -> 0 | I25: =IF(OR(B25="",J25<>"Có"),0,IFERROR(MAX(0,(F25-G25)/H25),0)) -> 0 | L25: =IF(B25="","","TS-"&TEXT(ROW()-3,"000"))
F26: =IF(OR(B26="",D26="",E26=""),0,D26*E26) -> 0 | I26: =IF(OR(B26="",J26<>"Có"),0,IFERROR(MAX(0,(F26-G26)/H26),0)) -> 0 | L26: =IF(B26="","","TS-"&TEXT(ROW()-3,"000"))
F27: =IF(OR(B27="",D27="",E27=""),0,D27*E27) -> 0 | I27: =IF(OR(B27="",J27<>"Có"),0,IFERROR(MAX(0,(F27-G27)/H27),0)) -> 0 | L27: =IF(B27="","","TS-"&TEXT(ROW()-3,"000"))
F28: =IF(OR(B28="",D28="",E28=""),0,D28*E28) -> 0 | I28: =IF(OR(B28="",J28<>"Có"),0,IFERROR(MAX(0,(F28-G28)/H28),0)) -> 0 | L28: =IF(B28="","","TS-"&TEXT(ROW()-3,"000"))
... F203: =IF(OR(B203="",D203="",E203=""),0,D203*E203) -> 0 | I203: =IF(OR(B203="",J203<>"Có"),0,IFERROR(MAX(0,(F203-G203)/H203),0)) -> 0 | L203: =IF(B203="","","TS-"&TEXT(ROW()-3,"000"))
A206: Tổng hợp | B206: Giá trị
A207: Tổng vốn đầu tư | B207: =SUM(F4:F203) -> 2637200
A208: Tổng khấu hao/tháng | B208: =SUMIFS(I4:I203,J4:J203,"Có") -> 91363.889
A209: Khấu hao phân bổ/ly | B209: =IFERROR(B208/'Thiết lập'!$B$9,0) -> 91.363889

Sheet Size
A1: DANH MỤC SIZE — MỖI SIZE MỘT DÒNG
A2: Có sẵn 50 dòng. Nhập size mới vào dòng trống tiếp theo. | I2: Kích hoạt | J2: DS bao bì
A3: Mã size | B3: Tên size | C3: Sữa nền/ly (ml) | D3: Tên bộ ly | E3: Giá bán mặc định (đ) | F3: Kích hoạt | G3: DS tên size | I3: Có | J3: Ly size M
A4: M | B4: Size M | C4: 400 | D4: Bộ ly | E4: 35000 | F4: Có | G4: =IF(AND(B4<>"",F4="Có"),B4,"") -> Size M | I4: Không | J4: Nắp size M
A5: L | B5: Size L | C5: 550 | D5: Bộ ly | E5: 40000 | F5: Có | G5: =IF(AND(B5<>"",F5="Có"),B5,"") -> Size L | J5: Ly size L
A6: =IF(B6="","","SZ-"&TEXT(ROW()-3,"000")) | G6: =IF(AND(B6<>"",F6="Có"),B6,"") | J6: Nắp size L
A7: =IF(B7="","","SZ-"&TEXT(ROW()-3,"000")) | G7: =IF(AND(B7<>"",F7="Có"),B7,"") | J7: Ống hút
A8: =IF(B8="","","SZ-"&TEXT(ROW()-3,"000")) | G8: =IF(AND(B8<>"",F8="Có"),B8,"") | J8: Muỗng
A9: =IF(B9="","","SZ-"&TEXT(ROW()-3,"000")) | G9: =IF(AND(B9<>"",F9="Có"),B9,"") | J9: Túi mang đi
A10: =IF(B10="","","SZ-"&TEXT(ROW()-3,"000")) | G10: =IF(AND(B10<>"",F10="Có"),B10,"") | J10: Bộ ly
A11: =IF(B11="","","SZ-"&TEXT(ROW()-3,"000")) | G11: =IF(AND(B11<>"",F11="Có"),B11,"") | J11: =IF(AND('Hàng hóa'!B20<>"",'Hàng hóa'!C20="Bao bì",'Hàng hóa'!I20="Có"),'Hàng hóa'!B20,"") -> Màng Wrap nhỏ
A12: =IF(B12="","","SZ-"&TEXT(ROW()-3,"000")) | G12: =IF(AND(B12<>"",F12="Có"),B12,"") | J12: =IF(AND('Hàng hóa'!B21<>"",'Hàng hóa'!C21="Bao bì",'Hàng hóa'!I21="Có"),'Hàng hóa'!B21,"")
A13: =IF(B13="","","SZ-"&TEXT(ROW()-3,"000")) | G13: =IF(AND(B13<>"",F13="Có"),B13,"") | J13: =IF(AND('Hàng hóa'!B22<>"",'Hàng hóa'!C22="Bao bì",'Hàng hóa'!I22="Có"),'Hàng hóa'!B22,"")
A14: =IF(B14="","","SZ-"&TEXT(ROW()-3,"000")) | G14: =IF(AND(B14<>"",F14="Có"),B14,"") | J14: =IF(AND('Hàng hóa'!B23<>"",'Hàng hóa'!C23="Bao bì",'Hàng hóa'!I23="Có"),'Hàng hóa'!B23,"")
A15: =IF(B15="","","SZ-"&TEXT(ROW()-3,"000")) | G15: =IF(AND(B15<>"",F15="Có"),B15,"") | J15: =IF(AND('Hàng hóa'!B24<>"",'Hàng hóa'!C24="Bao bì",'Hàng hóa'!I24="Có"),'Hàng hóa'!B24,"")
A16: =IF(B16="","","SZ-"&TEXT(ROW()-3,"000")) | G16: =IF(AND(B16<>"",F16="Có"),B16,"") | J16: =IF(AND('Hàng hóa'!B25<>"",'Hàng hóa'!C25="Bao bì",'Hàng hóa'!I25="Có"),'Hàng hóa'!B25,"")
A17: =IF(B17="","","SZ-"&TEXT(ROW()-3,"000")) | G17: =IF(AND(B17<>"",F17="Có"),B17,"") | J17: =IF(AND('Hàng hóa'!B26<>"",'Hàng hóa'!C26="Bao bì",'Hàng hóa'!I26="Có"),'Hàng hóa'!B26,"")
A18: =IF(B18="","","SZ-"&TEXT(ROW()-3,"000")) | G18: =IF(AND(B18<>"",F18="Có"),B18,"") | J18: =IF(AND('Hàng hóa'!B27<>"",'Hàng hóa'!C27="Bao bì",'Hàng hóa'!I27="Có"),'Hàng hóa'!B27,"")
A19: =IF(B19="","","SZ-"&TEXT(ROW()-3,"000")) | G19: =IF(AND(B19<>"",F19="Có"),B19,"") | J19: =IF(AND('Hàng hóa'!B28<>"",'Hàng hóa'!C28="Bao bì",'Hàng hóa'!I28="Có"),'Hàng hóa'!B28,"")
A20: =IF(B20="","","SZ-"&TEXT(ROW()-3,"000")) | G20: =IF(AND(B20<>"",F20="Có"),B20,"") | J20: =IF(AND('Hàng hóa'!B29<>"",'Hàng hóa'!C29="Bao bì",'Hàng hóa'!I29="Có"),'Hàng hóa'!B29,"")
A21: =IF(B21="","","SZ-"&TEXT(ROW()-3,"000")) | G21: =IF(AND(B21<>"",F21="Có"),B21,"") | J21: =IF(AND('Hàng hóa'!B30<>"",'Hàng hóa'!C30="Bao bì",'Hàng hóa'!I30="Có"),'Hàng hóa'!B30,"")
A22: =IF(B22="","","SZ-"&TEXT(ROW()-3,"000")) | G22: =IF(AND(B22<>"",F22="Có"),B22,"") | J22: =IF(AND('Hàng hóa'!B31<>"",'Hàng hóa'!C31="Bao bì",'Hàng hóa'!I31="Có"),'Hàng hóa'!B31,"")
... A53: =IF(B53="","","SZ-"&TEXT(ROW()-3,"000")) | G53: =IF(AND(B53<>"",F53="Có"),B53,"") | J53: =IF(AND('Hàng hóa'!B62<>"",'Hàng hóa'!C62="Bao bì",'Hàng hóa'!I62="Có"),'Hàng hóa'!B62,"")
J54: =IF(AND('Hàng hóa'!B63<>"",'Hàng hóa'!C63="Bao bì",'Hàng hóa'!I63="Có"),'Hàng hóa'!B63,"")
J55: =IF(AND('Hàng hóa'!B64<>"",'Hàng hóa'!C64="Bao bì",'Hàng hóa'!I64="Có"),'Hàng hóa'!B64,"")
J56: =IF(AND('Hàng hóa'!B65<>"",'Hàng hóa'!C65="Bao bì",'Hàng hóa'!I65="Có"),'Hàng hóa'!B65,"")
J57: =IF(AND('Hàng hóa'!B66<>"",'Hàng hóa'!C66="Bao bì",'Hàng hóa'!I66="Có"),'Hàng hóa'!B66,"")
J58: =IF(AND('Hàng hóa'!B67<>"",'Hàng hóa'!C67="Bao bì",'Hàng hóa'!I67="Có"),'Hàng hóa'!B67,"")
J59: =IF(AND('Hàng hóa'!B68<>"",'Hàng hóa'!C68="Bao bì",'Hàng hóa'!I68="Có"),'Hàng hóa'!B68,"")
J60: =IF(AND('Hàng hóa'!B69<>"",'Hàng hóa'!C69="Bao bì",'Hàng hóa'!I69="Có"),'Hàng hóa'!B69,"")
J61: =IF(AND('Hàng hóa'!B70<>"",'Hàng hóa'!C70="Bao bì",'Hàng hóa'!I70="Có"),'Hàng hóa'!B70,"")
J62: =IF(AND('Hàng hóa'!B71<>"",'Hàng hóa'!C71="Bao bì",'Hàng hóa'!I71="Có"),'Hàng hóa'!B71,"")
J63: =IF(AND('Hàng hóa'!B72<>"",'Hàng hóa'!C72="Bao bì",'Hàng hóa'!I72="Có"),'Hàng hóa'!B72,"")
J64: =IF(AND('Hàng hóa'!B73<>"",'Hàng hóa'!C73="Bao bì",'Hàng hóa'!I73="Có"),'Hàng hóa'!B73,"")
J65: =IF(AND('Hàng hóa'!B74<>"",'Hàng hóa'!C74="Bao bì",'Hàng hóa'!I74="Có"),'Hàng hóa'!B74,"")
... J194: =IF(AND('Hàng hóa'!B203<>"",'Hàng hóa'!C203="Bao bì",'Hàng hóa'!I203="Có"),'Hàng hóa'!B203,"")
J195: =IF(AND('Hàng hóa'!B196<>"",'Hàng hóa'!C196="Bao bì",'Hàng hóa'!I196="Có"),'Hàng hóa'!B196,"")
J196: =IF(AND('Hàng hóa'!B197<>"",'Hàng hóa'!C197="Bao bì",'Hàng hóa'!I197="Có"),'Hàng hóa'!B197,"")
J197: =IF(AND('Hàng hóa'!B198<>"",'Hàng hóa'!C198="Bao bì",'Hàng hóa'!I198="Có"),'Hàng hóa'!B198,"")
J198: =IF(AND('Hàng hóa'!B199<>"",'Hàng hóa'!C199="Bao bì",'Hàng hóa'!I199="Có"),'Hàng hóa'!B199,"")
J199: =IF(AND('Hàng hóa'!B200<>"",'Hàng hóa'!C200="Bao bì",'Hàng hóa'!I200="Có"),'Hàng hóa'!B200,"")
J200: =IF(AND('Hàng hóa'!B201<>"",'Hàng hóa'!C201="Bao bì",'Hàng hóa'!I201="Có"),'Hàng hóa'!B201,"")
J201: =IF(AND('Hàng hóa'!B202<>"",'Hàng hóa'!C202="Bao bì",'Hàng hóa'!I202="Có"),'Hàng hóa'!B202,"")
J202: =IF(AND('Hàng hóa'!B203<>"",'Hàng hóa'!C203="Bao bì",'Hàng hóa'!I203="Có"),'Hàng hóa'!B203,"")

Sheet Sản phẩm
A1: DANH MỤC SẢN PHẨM — THÊM MÓN MỚI Ở DÒNG TRỐNG TIẾP THEO
A2: Chỉ cần chọn Tên topping và Tên size. Tên sản phẩm, giá bán và các loại cost sẽ tự liên kết. | R2: DS topping | S2: DS size | T2: Kích hoạt
A3: Mã SP | B3: Tên topping | C3: Tên size | D3: Tên sản phẩm | E3: Topping (g) | F3: Giá bán (đ) | G3: Sữa nền (ml) | H3: Cost sữa xem trước | I3: Cost topping | J3: Cost bao bì | K3: Overhead | L3: Cost biến đổi | M3: Phân bổ cố định | N3: Full cost | O3: Kích hoạt | P3: DS tên sản phẩm | R3: Oreo | S3: =IF(Size!G4<>"",Size!G4,"") -> Size M | T3: Có
A4: M-OREO | B4: Oreo | C4: Size M | D4: =IF(OR(B4="",C4=""),"",B4&" - "&C4) -> Oreo - Size M | E4: 15 | F4: {=IFERROR(INDEX(Size!$E$4:$E$53,MATCH(C4,Size!$B$4:$B$53,0)),0)} -> 35000 | G4: {=IFERROR(INDEX(Size!$C$4:$C$53,MATCH(C4,Size!$B$4:$B$53,0)),0)} -> 400 | H4: =IF(A4="","",G4*'Mẻ sữa'!$U$5) -> 11862.083 | I4: {=IFERROR(E4*INDEX('Hàng hóa'!$H$4:$H$203,MATCH(B4,'Hàng hóa'!$B$4:$B$203,0)),0)} -> 3562.5 | J4: {=IF(A4="","",IFERROR(INDEX('Hàng hóa'!$H$4:$H$203,MATCH(INDEX(Size!$D$4:$D$53,MATCH(C4,Size!$B$4:$B$53,0)),'Hàng hóa'!$B$4:$B$203,0)),0)+IFERROR(INDEX('Hàng hóa'!$H$4:$H$203,MATCH("Ống hút",'Hàng hóa'!$B$4:$B$203,0)),0)+IFERROR(INDEX('Hàng hóa'!$H$4:$H$203,MATCH("Muỗng",'Hàng hóa'!$B$4:$B$203,0)),0)+IFERROR(INDEX('Hàng hóa'!$H$4:$H$203,MATCH("Túi mang đi",'Hàng hóa'!$B$4:$B$203,0)),0))} -> 900 | K4: =IF(A4="","",(H4+I4+J4)*'Thiết lập'!$B$8) -> 816.22917 | L4: =IF(A4="","",SUM(H4:K4)) -> 17140.812 | M4: =IF(A4="","",'Thiết lập'!$B$12) -> 91.363889 | N4: =IF(A4="","",L4+M4) -> 17232.176 | O4: Có | P4: =IF(AND(D4<>"",O4="Có"),D4,"") -> Oreo - Size M | R4: Dừa non | S4: =IF(Size!G5<>"",Size!G5,"") -> Size L | T4: Không
A5: L-OREO | B5: Oreo | C5: Size L | D5: =IF(OR(B5="",C5=""),"",B5&" - "&C5) -> Oreo - Size L | E5: 15 | F5: {=IFERROR(INDEX(Size!$E$4:$E$53,MATCH(C5,Size!$B$4:$B$53,0)),0)} -> 40000 | G5: {=IFERROR(INDEX(Size!$C$4:$C$53,MATCH(C5,Size!$B$4:$B$53,0)),0)} -> 550 | H5: =IF(A5="","",G5*'Mẻ sữa'!$U$5) -> 16310.365 | I5: {=IFERROR(E5*INDEX('Hàng hóa'!$H$4:$H$203,MATCH(B5,'Hàng hóa'!$B$4:$B$203,0)),0)} -> 3562.5 | J5: {=IF(A5="","",IFERROR(INDEX('Hàng hóa'!$H$4:$H$203,MATCH(INDEX(Size!$D$4:$D$53,MATCH(C5,Size!$B$4:$B$53,0)),'Hàng hóa'!$B$4:$B$203,0)),0)+IFERROR(INDEX('Hàng hóa'!$H$4:$H$203,MATCH("Ống hút",'Hàng hóa'!$B$4:$B$203,0)),0)+IFERROR(INDEX('Hàng hóa'!$H$4:$H$203,MATCH("Muỗng",'Hàng hóa'!$B$4:$B$203,0)),0)+IFERROR(INDEX('Hàng hóa'!$H$4:$H$203,MATCH("Túi mang đi",'Hàng hóa'!$B$4:$B$203,0)),0))} -> 900 | K5: =IF(A5="","",(H5+I5+J5)*'Thiết lập'!$B$8) -> 1038.6432 | L5: =IF(A5="","",SUM(H5:K5)) -> 21811.508 | M5: =IF(A5="","",'Thiết lập'!$B$12) -> 91.363889 | N5: =IF(A5="","",L5+M5) -> 21902.872 | O5: Có | P5: =IF(AND(D5<>"",O5="Có"),D5,"") -> Oreo - Size L | R5: Dâu giòn | S5: =IF(Size!G6<>"",Size!G6,"")
A6: M-DUA | B6: Dừa non | C6: Size M | D6: =IF(OR(B6="",C6=""),"",B6&" - "&C6) -> Dừa non - Size M | E6: 15 | F6: {=IFERROR(INDEX(Size!$E$4:$E$53,MATCH(C6,Size!$B$4:$B$53,0)),0)} -> 35000 | G6: {=IFERROR(INDEX(Size!$C$4:$C$53,MATCH(C6,Size!$B$4:$B$53,0)),0)} -> 400 | H6: =IF(A6="","",G6*'Mẻ sữa'!$U$5) -> 11862.083 | I6: {=IFERROR(E6*INDEX('Hàng hóa'!$H$4:$H$203,MATCH(B6,'Hàng hóa'!$B$4:$B$203,0)),0)} -> 1581.8182 | J6: {=IF(A6="","",IFERROR(INDEX('Hàng hóa'!$H$4:$H$203,MATCH(INDEX(Size!$D$4:$D$53,MATCH(C6,Size!$B$4:$B$53,0)),'Hàng hóa'!$B$4:$B$203,0)),0)+IFERROR(INDEX('Hàng hóa'!$H$4:$H$203,MATCH("Ống hút",'Hàng hóa'!$B$4:$B$203,0)),0)+IFERROR(INDEX('Hàng hóa'!$H$4:$H$203,MATCH("Muỗng",'Hàng hóa'!$B$4:$B$203,0)),0)+IFERROR(INDEX('Hàng hóa'!$H$4:$H$203,MATCH("Túi mang đi",'Hàng hóa'!$B$4:$B$203,0)),0))} -> 900 | K6: =IF(A6="","",(H6+I6+J6)*'Thiết lập'!$B$8) -> 717.19508 | L6: =IF(A6="","",SUM(H6:K6)) -> 15061.097 | M6: =IF(A6="","",'Thiết lập'!$B$12) -> 91.363889 | N6: =IF(A6="","",L6+M6) -> 15152.46 | O6: Có | P6: =IF(AND(D6<>"",O6="Có"),D6,"") -> Dừa non - Size M | R6: Sữa chua sấy | S6: =IF(Size!G7<>"",Size!G7,"")
A7: L-DUA | B7: Dừa non | C7: Size L | D7: =IF(OR(B7="",C7=""),"",B7&" - "&C7) -> Dừa non - Size L | E7: 15 | F7: {=IFERROR(INDEX(Size!$E$4:$E$53,MATCH(C7,Size!$B$4:$B$53,0)),0)} -> 40000 | G7: {=IFERROR(INDEX(Size!$C$4:$C$53,MATCH(C7,Size!$B$4:$B$53,0)),0)} -> 550 | H7: =IF(A7="","",G7*'Mẻ sữa'!$U$5) -> 16310.365 | I7: {=IFERROR(E7*INDEX('Hàng hóa'!$H$4:$H$203,MATCH(B7,'Hàng hóa'!$B$4:$B$203,0)),0)} -> 1581.8182 | J7: {=IF(A7="","",IFERROR(INDEX('Hàng hóa'!$H$4:$H$203,MATCH(INDEX(Size!$D$4:$D$53,MATCH(C7,Size!$B$4:$B$53,0)),'Hàng hóa'!$B$4:$B$203,0)),0)+IFERROR(INDEX('Hàng hóa'!$H$4:$H$203,MATCH("Ống hút",'Hàng hóa'!$B$4:$B$203,0)),0)+IFERROR(INDEX('Hàng hóa'!$H$4:$H$203,MATCH("Muỗng",'Hàng hóa'!$B$4:$B$203,0)),0)+IFERROR(INDEX('Hàng hóa'!$H$4:$H$203,MATCH("Túi mang đi",'Hàng hóa'!$B$4:$B$203,0)),0))} -> 900 | K7: =IF(A7="","",(H7+I7+J7)*'Thiết lập'!$B$8) -> 939.60914 | L7: =IF(A7="","",SUM(H7:K7)) -> 19731.792 | M7: =IF(A7="","",'Thiết lập'!$B$12) -> 91.363889 | N7: =IF(A7="","",L7+M7) -> 19823.156 | O7: Có | P7: =IF(AND(D7<>"",O7="Có"),D7,"") -> Dừa non - Size L | R7: Choco Ball | S7: =IF(Size!G8<>"",Size!G8,"")
A8: M-DAU | B8: Dâu giòn | C8: Size M | D8: =IF(OR(B8="",C8=""),"",B8&" - "&C8) -> Dâu giòn - Size M | E8: 15 | F8: {=IFERROR(INDEX(Size!$E$4:$E$53,MATCH(C8,Size!$B$4:$B$53,0)),0)} -> 35000 | G8: {=IFERROR(INDEX(Size!$C$4:$C$53,MATCH(C8,Size!$B$4:$B$53,0)),0)} -> 400 | H8: =IF(A8="","",G8*'Mẻ sữa'!$U$5) -> 11862.083 | I8: {=IFERROR(E8*INDEX('Hàng hóa'!$H$4:$H$203,MATCH(B8,'Hàng hóa'!$B$4:$B$203,0)),0)} -> 5940000 | J8: {=IF(A8="","",IFERROR(INDEX('Hàng hóa'!$H$4:$H$203,MATCH(INDEX(Size!$D$4:$D$53,MATCH(C8,Size!$B$4:$B$53,0)),'Hàng hóa'!$B$4:$B$203,0)),0)+IFERROR(INDEX('Hàng hóa'!$H$4:$H$203,MATCH("Ống hút",'Hàng hóa'!$B$4:$B$203,0)),0)+IFERROR(INDEX('Hàng hóa'!$H$4:$H$203,MATCH("Muỗng",'Hàng hóa'!$B$4:$B$203,0)),0)+IFERROR(INDEX('Hàng hóa'!$H$4:$H$203,MATCH("Túi mang đi",'Hàng hóa'!$B$4:$B$203,0)),0))} -> 900 | K8: =IF(A8="","",(H8+I8+J8)*'Thiết lập'!$B$8) -> 297638.1 | L8: =IF(A8="","",SUM(H8:K8)) -> 6250400.2 | M8: =IF(A8="","",'Thiết lập'!$B$12) -> 91.363889 | N8: =IF(A8="","",L8+M8) -> 6250491.6 | O8: Có | P8: =IF(AND(D8<>"",O8="Có"),D8,"") -> Dâu giòn - Size M | R8: =IF(AND('Hàng hóa'!B20<>"",'Hàng hóa'!C20="Topping",'Hàng hóa'!I20="Có"),'Hàng hóa'!B20,"") | S8: =IF(Size!G9<>"",Size!G9,"")
A9: L-DAU | B9: Dâu giòn | C9: Size L | D9: =IF(OR(B9="",C9=""),"",B9&" - "&C9) -> Dâu giòn - Size L | E9: 15 | F9: {=IFERROR(INDEX(Size!$E$4:$E$53,MATCH(C9,Size!$B$4:$B$53,0)),0)} -> 40000 | G9: {=IFERROR(INDEX(Size!$C$4:$C$53,MATCH(C9,Size!$B$4:$B$53,0)),0)} -> 550 | H9: =IF(A9="","",G9*'Mẻ sữa'!$U$5) -> 16310.365 | I9: {=IFERROR(E9*INDEX('Hàng hóa'!$H$4:$H$203,MATCH(B9,'Hàng hóa'!$B$4:$B$203,0)),0)} -> 5940000 | J9: {=IF(A9="","",IFERROR(INDEX('Hàng hóa'!$H$4:$H$203,MATCH(INDEX(Size!$D$4:$D$53,MATCH(C9,Size!$B$4:$B$53,0)),'Hàng hóa'!$B$4:$B$203,0)),0)+IFERROR(INDEX('Hàng hóa'!$H$4:$H$203,MATCH("Ống hút",'Hàng hóa'!$B$4:$B$203,0)),0)+IFERROR(INDEX('Hàng hóa'!$H$4:$H$203,MATCH("Muỗng",'Hàng hóa'!$B$4:$B$203,0)),0)+IFERROR(INDEX('Hàng hóa'!$H$4:$H$203,MATCH("Túi mang đi",'Hàng hóa'!$B$4:$B$203,0)),0))} -> 900 | K9: =IF(A9="","",(H9+I9+J9)*'Thiết lập'!$B$8) -> 297860.52 | L9: =IF(A9="","",SUM(H9:K9)) -> 6255070.9 | M9: =IF(A9="","",'Thiết lập'!$B$12) -> 91.363889 | N9: =IF(A9="","",L9+M9) -> 6255162.2 | O9: Có | P9: =IF(AND(D9<>"",O9="Có"),D9,"") -> Dâu giòn - Size L | R9: =IF(AND('Hàng hóa'!B21<>"",'Hàng hóa'!C21="Topping",'Hàng hóa'!I21="Có"),'Hàng hóa'!B21,"") | S9: =IF(Size!G10<>"",Size!G10,"")
A10: M-SC | B10: Sữa chua sấy | C10: Size M | D10: =IF(OR(B10="",C10=""),"",B10&" - "&C10) -> Sữa chua sấy - Size M | E10: 15 | F10: {=IFERROR(INDEX(Size!$E$4:$E$53,MATCH(C10,Size!$B$4:$B$53,0)),0)} -> 35000 | G10: {=IFERROR(INDEX(Size!$C$4:$C$53,MATCH(C10,Size!$B$4:$B$53,0)),0)} -> 400 | H10: =IF(A10="","",G10*'Mẻ sữa'!$U$5) -> 11862.083 | I10: {=IFERROR(E10*INDEX('Hàng hóa'!$H$4:$H$203,MATCH(B10,'Hàng hóa'!$B$4:$B$203,0)),0)} -> 4855500 | J10: {=IF(A10="","",IFERROR(INDEX('Hàng hóa'!$H$4:$H$203,MATCH(INDEX(Size!$D$4:$D$53,MATCH(C10,Size!$B$4:$B$53,0)),'Hàng hóa'!$B$4:$B$203,0)),0)+IFERROR(INDEX('Hàng hóa'!$H$4:$H$203,MATCH("Ống hút",'Hàng hóa'!$B$4:$B$203,0)),0)+IFERROR(INDEX('Hàng hóa'!$H$4:$H$203,MATCH("Muỗng",'Hàng hóa'!$B$4:$B$203,0)),0)+IFERROR(INDEX('Hàng hóa'!$H$4:$H$203,MATCH("Túi mang đi",'Hàng hóa'!$B$4:$B$203,0)),0))} -> 900 | K10: =IF(A10="","",(H10+I10+J10)*'Thiết lập'!$B$8) -> 243413.1 | L10: =IF(A10="","",SUM(H10:K10)) -> 5111675.2 | M10: =IF(A10="","",'Thiết lập'!$B$12) -> 91.363889 | N10: =IF(A10="","",L10+M10) -> 5111766.6 | O10: Có | P10: =IF(AND(D10<>"",O10="Có"),D10,"") -> Sữa chua sấy - Size M | R10: =IF(AND('Hàng hóa'!B22<>"",'Hàng hóa'!C22="Topping",'Hàng hóa'!I22="Có"),'Hàng hóa'!B22,"") | S10: =IF(Size!G11<>"",Size!G11,"")
A11: L-SC | B11: Sữa chua sấy | C11: Size L | D11: =IF(OR(B11="",C11=""),"",B11&" - "&C11) -> Sữa chua sấy - Size L | E11: 15 | F11: {=IFERROR(INDEX(Size!$E$4:$E$53,MATCH(C11,Size!$B$4:$B$53,0)),0)} -> 40000 | G11: {=IFERROR(INDEX(Size!$C$4:$C$53,MATCH(C11,Size!$B$4:$B$53,0)),0)} -> 550 | H11: =IF(A11="","",G11*'Mẻ sữa'!$U$5) -> 16310.365 | I11: {=IFERROR(E11*INDEX('Hàng hóa'!$H$4:$H$203,MATCH(B11,'Hàng hóa'!$B$4:$B$203,0)),0)} -> 4855500 | J11: {=IF(A11="","",IFERROR(INDEX('Hàng hóa'!$H$4:$H$203,MATCH(INDEX(Size!$D$4:$D$53,MATCH(C11,Size!$B$4:$B$53,0)),'Hàng hóa'!$B$4:$B$203,0)),0)+IFERROR(INDEX('Hàng hóa'!$H$4:$H$203,MATCH("Ống hút",'Hàng hóa'!$B$4:$B$203,0)),0)+IFERROR(INDEX('Hàng hóa'!$H$4:$H$203,MATCH("Muỗng",'Hàng hóa'!$B$4:$B$203,0)),0)+IFERROR(INDEX('Hàng hóa'!$H$4:$H$203,MATCH("Túi mang đi",'Hàng hóa'!$B$4:$B$203,0)),0))} -> 900 | K11: =IF(A11="","",(H11+I11+J11)*'Thiết lập'!$B$8) -> 243635.52 | L11: =IF(A11="","",SUM(H11:K11)) -> 5116345.9 | M11: =IF(A11="","",'Thiết lập'!$B$12) -> 91.363889 | N11: =IF(A11="","",L11+M11) -> 5116437.2 | O11: Có | P11: =IF(AND(D11<>"",O11="Có"),D11,"") -> Sữa chua sấy - Size L | R11: =IF(AND('Hàng hóa'!B23<>"",'Hàng hóa'!C23="Topping",'Hàng hóa'!I23="Có"),'Hàng hóa'!B23,"") | S11: =IF(Size!G12<>"",Size!G12,"")
A12: M-CHOCO | B12: Choco Ball | C12: Size M | D12: =IF(OR(B12="",C12=""),"",B12&" - "&C12) -> Choco Ball - Size M | E12: 15 | F12: {=IFERROR(INDEX(Size!$E$4:$E$53,MATCH(C12,Size!$B$4:$B$53,0)),0)} -> 35000 | G12: {=IFERROR(INDEX(Size!$C$4:$C$53,MATCH(C12,Size!$B$4:$B$53,0)),0)} -> 400 | H12: =IF(A12="","",G12*'Mẻ sữa'!$U$5) -> 11862.083 | I12: {=IFERROR(E12*INDEX('Hàng hóa'!$H$4:$H$203,MATCH(B12,'Hàng hóa'!$B$4:$B$203,0)),0)} -> 4280000 | J12: {=IF(A12="","",IFERROR(INDEX('Hàng hóa'!$H$4:$H$203,MATCH(INDEX(Size!$D$4:$D$53,MATCH(C12,Size!$B$4:$B$53,0)),'Hàng hóa'!$B$4:$B$203,0)),0)+IFERROR(INDEX('Hàng hóa'!$H$4:$H$203,MATCH("Ống hút",'Hàng hóa'!$B$4:$B$203,0)),0)+IFERROR(INDEX('Hàng hóa'!$H$4:$H$203,MATCH("Muỗng",'Hàng hóa'!$B$4:$B$203,0)),0)+IFERROR(INDEX('Hàng hóa'!$H$4:$H$203,MATCH("Túi mang đi",'Hàng hóa'!$B$4:$B$203,0)),0))} -> 900 | K12: =IF(A12="","",(H12+I12+J12)*'Thiết lập'!$B$8) -> 214638.1 | L12: =IF(A12="","",SUM(H12:K12)) -> 4507400.2 | M12: =IF(A12="","",'Thiết lập'!$B$12) -> 91.363889 | N12: =IF(A12="","",L12+M12) -> 4507491.6 | O12: Có | P12: =IF(AND(D12<>"",O12="Có"),D12,"") -> Choco Ball - Size M | R12: =IF(AND('Hàng hóa'!B24<>"",'Hàng hóa'!C24="Topping",'Hàng hóa'!I24="Có"),'Hàng hóa'!B24,"") | S12: =IF(Size!G13<>"",Size!G13,"")
A13: L-CHOCO | B13: Choco Ball | C13: Size L | D13: =IF(OR(B13="",C13=""),"",B13&" - "&C13) -> Choco Ball - Size L | E13: 15 | F13: {=IFERROR(INDEX(Size!$E$4:$E$53,MATCH(C13,Size!$B$4:$B$53,0)),0)} -> 40000 | G13: {=IFERROR(INDEX(Size!$C$4:$C$53,MATCH(C13,Size!$B$4:$B$53,0)),0)} -> 550 | H13: =IF(A13="","",G13*'Mẻ sữa'!$U$5) -> 16310.365 | I13: {=IFERROR(E13*INDEX('Hàng hóa'!$H$4:$H$203,MATCH(B13,'Hàng hóa'!$B$4:$B$203,0)),0)} -> 4280000 | J13: {=IF(A13="","",IFERROR(INDEX('Hàng hóa'!$H$4:$H$203,MATCH(INDEX(Size!$D$4:$D$53,MATCH(C13,Size!$B$4:$B$53,0)),'Hàng hóa'!$B$4:$B$203,0)),0)+IFERROR(INDEX('Hàng hóa'!$H$4:$H$203,MATCH("Ống hút",'Hàng hóa'!$B$4:$B$203,0)),0)+IFERROR(INDEX('Hàng hóa'!$H$4:$H$203,MATCH("Muỗng",'Hàng hóa'!$B$4:$B$203,0)),0)+IFERROR(INDEX('Hàng hóa'!$H$4:$H$203,MATCH("Túi mang đi",'Hàng hóa'!$B$4:$B$203,0)),0))} -> 900 | K13: =IF(A13="","",(H13+I13+J13)*'Thiết lập'!$B$8) -> 214860.52 | L13: =IF(A13="","",SUM(H13:K13)) -> 4512070.9 | M13: =IF(A13="","",'Thiết lập'!$B$12) -> 91.363889 | N13: =IF(A13="","",L13+M13) -> 4512162.2 | O13: Có | P13: =IF(AND(D13<>"",O13="Có"),D13,"") -> Choco Ball - Size L | R13: =IF(AND('Hàng hóa'!B25<>"",'Hàng hóa'!C25="Topping",'Hàng hóa'!I25="Có"),'Hàng hóa'!B25,"") | S13: =IF(Size!G14<>"",Size!G14,"")
A14: =IF(OR(B14="",C14=""),"","SP-"&TEXT(ROW()-3,"000")) | D14: =IF(OR(B14="",C14=""),"",B14&" - "&C14) | F14: {=IFERROR(INDEX(Size!$E$4:$E$53,MATCH(C14,Size!$B$4:$B$53,0)),0)} -> 0 | G14: {=IFERROR(INDEX(Size!$C$4:$C$53,MATCH(C14,Size!$B$4:$B$53,0)),0)} -> 0 | H14: =IF(A14="","",G14*'Mẻ sữa'!$U$5) | I14: {=IFERROR(E14*INDEX('Hàng hóa'!$H$4:$H$203,MATCH(B14,'Hàng hóa'!$B$4:$B$203,0)),0)} -> 0 | J14: {=IF(A14="","",IFERROR(INDEX('Hàng hóa'!$H$4:$H$203,MATCH(INDEX(Size!$D$4:$D$53,MATCH(C14,Size!$B$4:$B$53,0)),'Hàng hóa'!$B$4:$B$203,0)),0)+IFERROR(INDEX('Hàng hóa'!$H$4:$H$203,MATCH("Ống hút",'Hàng hóa'!$B$4:$B$203,0)),0)+IFERROR(INDEX('Hàng hóa'!$H$4:$H$203,MATCH("Muỗng",'Hàng hóa'!$B$4:$B$203,0)),0)+IFERROR(INDEX('Hàng hóa'!$H$4:$H$203,MATCH("Túi mang đi",'Hàng hóa'!$B$4:$B$203,0)),0))} | K14: =IF(A14="","",(H14+I14+J14)*'Thiết lập'!$B$8) | L14: =IF(A14="","",SUM(H14:K14)) | M14: =IF(A14="","",'Thiết lập'!$B$12) | N14: =IF(A14="","",L14+M14) | P14: =IF(AND(D14<>"",O14="Có"),D14,"") | R14: =IF(AND('Hàng hóa'!B26<>"",'Hàng hóa'!C26="Topping",'Hàng hóa'!I26="Có"),'Hàng hóa'!B26,"") | S14: =IF(Size!G15<>"",Size!G15,"")
A15: =IF(OR(B15="",C15=""),"","SP-"&TEXT(ROW()-3,"000")) | D15: =IF(OR(B15="",C15=""),"",B15&" - "&C15) | F15: {=IFERROR(INDEX(Size!$E$4:$E$53,MATCH(C15,Size!$B$4:$B$53,0)),0)} -> 0 | G15: {=IFERROR(INDEX(Size!$C$4:$C$53,MATCH(C15,Size!$B$4:$B$53,0)),0)} -> 0 | H15: =IF(A15="","",G15*'Mẻ sữa'!$U$5) | I15: {=IFERROR(E15*INDEX('Hàng hóa'!$H$4:$H$203,MATCH(B15,'Hàng hóa'!$B$4:$B$203,0)),0)} -> 0 | J15: {=IF(A15="","",IFERROR(INDEX('Hàng hóa'!$H$4:$H$203,MATCH(INDEX(Size!$D$4:$D$53,MATCH(C15,Size!$B$4:$B$53,0)),'Hàng hóa'!$B$4:$B$203,0)),0)+IFERROR(INDEX('Hàng hóa'!$H$4:$H$203,MATCH("Ống hút",'Hàng hóa'!$B$4:$B$203,0)),0)+IFERROR(INDEX('Hàng hóa'!$H$4:$H$203,MATCH("Muỗng",'Hàng hóa'!$B$4:$B$203,0)),0)+IFERROR(INDEX('Hàng hóa'!$H$4:$H$203,MATCH("Túi mang đi",'Hàng hóa'!$B$4:$B$203,0)),0))} | K15: =IF(A15="","",(H15+I15+J15)*'Thiết lập'!$B$8) | L15: =IF(A15="","",SUM(H15:K15)) | M15: =IF(A15="","",'Thiết lập'!$B$12) | N15: =IF(A15="","",L15+M15) | P15: =IF(AND(D15<>"",O15="Có"),D15,"") | R15: =IF(AND('Hàng hóa'!B27<>"",'Hàng hóa'!C27="Topping",'Hàng hóa'!I27="Có"),'Hàng hóa'!B27,"") | S15: =IF(Size!G16<>"",Size!G16,"")
A16: =IF(OR(B16="",C16=""),"","SP-"&TEXT(ROW()-3,"000")) | D16: =IF(OR(B16="",C16=""),"",B16&" - "&C16) | F16: {=IFERROR(INDEX(Size!$E$4:$E$53,MATCH(C16,Size!$B$4:$B$53,0)),0)} -> 0 | G16: {=IFERROR(INDEX(Size!$C$4:$C$53,MATCH(C16,Size!$B$4:$B$53,0)),0)} -> 0 | H16: =IF(A16="","",G16*'Mẻ sữa'!$U$5) | I16: {=IFERROR(E16*INDEX('Hàng hóa'!$H$4:$H$203,MATCH(B16,'Hàng hóa'!$B$4:$B$203,0)),0)} -> 0 | J16: {=IF(A16="","",IFERROR(INDEX('Hàng hóa'!$H$4:$H$203,MATCH(INDEX(Size!$D$4:$D$53,MATCH(C16,Size!$B$4:$B$53,0)),'Hàng hóa'!$B$4:$B$203,0)),0)+IFERROR(INDEX('Hàng hóa'!$H$4:$H$203,MATCH("Ống hút",'Hàng hóa'!$B$4:$B$203,0)),0)+IFERROR(INDEX('Hàng hóa'!$H$4:$H$203,MATCH("Muỗng",'Hàng hóa'!$B$4:$B$203,0)),0)+IFERROR(INDEX('Hàng hóa'!$H$4:$H$203,MATCH("Túi mang đi",'Hàng hóa'!$B$4:$B$203,0)),0))} | K16: =IF(A16="","",(H16+I16+J16)*'Thiết lập'!$B$8) | L16: =IF(A16="","",SUM(H16:K16)) | M16: =IF(A16="","",'Thiết lập'!$B$12) | N16: =IF(A16="","",L16+M16) | P16: =IF(AND(D16<>"",O16="Có"),D16,"") | R16: =IF(AND('Hàng hóa'!B28<>"",'Hàng hóa'!C28="Topping",'Hàng hóa'!I28="Có"),'Hàng hóa'!B28,"") | S16: =IF(Size!G17<>"",Size!G17,"")
A17: =IF(OR(B17="",C17=""),"","SP-"&TEXT(ROW()-3,"000")) | D17: =IF(OR(B17="",C17=""),"",B17&" - "&C17) | F17: {=IFERROR(INDEX(Size!$E$4:$E$53,MATCH(C17,Size!$B$4:$B$53,0)),0)} -> 0 | G17: {=IFERROR(INDEX(Size!$C$4:$C$53,MATCH(C17,Size!$B$4:$B$53,0)),0)} -> 0 | H17: =IF(A17="","",G17*'Mẻ sữa'!$U$5) | I17: {=IFERROR(E17*INDEX('Hàng hóa'!$H$4:$H$203,MATCH(B17,'Hàng hóa'!$B$4:$B$203,0)),0)} -> 0 | J17: {=IF(A17="","",IFERROR(INDEX('Hàng hóa'!$H$4:$H$203,MATCH(INDEX(Size!$D$4:$D$53,MATCH(C17,Size!$B$4:$B$53,0)),'Hàng hóa'!$B$4:$B$203,0)),0)+IFERROR(INDEX('Hàng hóa'!$H$4:$H$203,MATCH("Ống hút",'Hàng hóa'!$B$4:$B$203,0)),0)+IFERROR(INDEX('Hàng hóa'!$H$4:$H$203,MATCH("Muỗng",'Hàng hóa'!$B$4:$B$203,0)),0)+IFERROR(INDEX('Hàng hóa'!$H$4:$H$203,MATCH("Túi mang đi",'Hàng hóa'!$B$4:$B$203,0)),0))} | K17: =IF(A17="","",(H17+I17+J17)*'Thiết lập'!$B$8) | L17: =IF(A17="","",SUM(H17:K17)) | M17: =IF(A17="","",'Thiết lập'!$B$12) | N17: =IF(A17="","",L17+M17) | P17: =IF(AND(D17<>"",O17="Có"),D17,"") | R17: =IF(AND('Hàng hóa'!B29<>"",'Hàng hóa'!C29="Topping",'Hàng hóa'!I29="Có"),'Hàng hóa'!B29,"") | S17: =IF(Size!G18<>"",Size!G18,"")
A18: =IF(OR(B18="",C18=""),"","SP-"&TEXT(ROW()-3,"000")) | D18: =IF(OR(B18="",C18=""),"",B18&" - "&C18) | F18: {=IFERROR(INDEX(Size!$E$4:$E$53,MATCH(C18,Size!$B$4:$B$53,0)),0)} -> 0 | G18: {=IFERROR(INDEX(Size!$C$4:$C$53,MATCH(C18,Size!$B$4:$B$53,0)),0)} -> 0 | H18: =IF(A18="","",G18*'Mẻ sữa'!$U$5) | I18: {=IFERROR(E18*INDEX('Hàng hóa'!$H$4:$H$203,MATCH(B18,'Hàng hóa'!$B$4:$B$203,0)),0)} -> 0 | J18: {=IF(A18="","",IFERROR(INDEX('Hàng hóa'!$H$4:$H$203,MATCH(INDEX(Size!$D$4:$D$53,MATCH(C18,Size!$B$4:$B$53,0)),'Hàng hóa'!$B$4:$B$203,0)),0)+IFERROR(INDEX('Hàng hóa'!$H$4:$H$203,MATCH("Ống hút",'Hàng hóa'!$B$4:$B$203,0)),0)+IFERROR(INDEX('Hàng hóa'!$H$4:$H$203,MATCH("Muỗng",'Hàng hóa'!$B$4:$B$203,0)),0)+IFERROR(INDEX('Hàng hóa'!$H$4:$H$203,MATCH("Túi mang đi",'Hàng hóa'!$B$4:$B$203,0)),0))} | K18: =IF(A18="","",(H18+I18+J18)*'Thiết lập'!$B$8) | L18: =IF(A18="","",SUM(H18:K18)) | M18: =IF(A18="","",'Thiết lập'!$B$12) | N18: =IF(A18="","",L18+M18) | P18: =IF(AND(D18<>"",O18="Có"),D18,"") | R18: =IF(AND('Hàng hóa'!B30<>"",'Hàng hóa'!C30="Topping",'Hàng hóa'!I30="Có"),'Hàng hóa'!B30,"") | S18: =IF(Size!G19<>"",Size!G19,"")
A19: =IF(OR(B19="",C19=""),"","SP-"&TEXT(ROW()-3,"000")) | D19: =IF(OR(B19="",C19=""),"",B19&" - "&C19) | F19: {=IFERROR(INDEX(Size!$E$4:$E$53,MATCH(C19,Size!$B$4:$B$53,0)),0)} -> 0 | G19: {=IFERROR(INDEX(Size!$C$4:$C$53,MATCH(C19,Size!$B$4:$B$53,0)),0)} -> 0 | H19: =IF(A19="","",G19*'Mẻ sữa'!$U$5) | I19: {=IFERROR(E19*INDEX('Hàng hóa'!$H$4:$H$203,MATCH(B19,'Hàng hóa'!$B$4:$B$203,0)),0)} -> 0 | J19: {=IF(A19="","",IFERROR(INDEX('Hàng hóa'!$H$4:$H$203,MATCH(INDEX(Size!$D$4:$D$53,MATCH(C19,Size!$B$4:$B$53,0)),'Hàng hóa'!$B$4:$B$203,0)),0)+IFERROR(INDEX('Hàng hóa'!$H$4:$H$203,MATCH("Ống hút",'Hàng hóa'!$B$4:$B$203,0)),0)+IFERROR(INDEX('Hàng hóa'!$H$4:$H$203,MATCH("Muỗng",'Hàng hóa'!$B$4:$B$203,0)),0)+IFERROR(INDEX('Hàng hóa'!$H$4:$H$203,MATCH("Túi mang đi",'Hàng hóa'!$B$4:$B$203,0)),0))} | K19: =IF(A19="","",(H19+I19+J19)*'Thiết lập'!$B$8) | L19: =IF(A19="","",SUM(H19:K19)) | M19: =IF(A19="","",'Thiết lập'!$B$12) | N19: =IF(A19="","",L19+M19) | P19: =IF(AND(D19<>"",O19="Có"),D19,"") | R19: =IF(AND('Hàng hóa'!B31<>"",'Hàng hóa'!C31="Topping",'Hàng hóa'!I31="Có"),'Hàng hóa'!B31,"") | S19: =IF(Size!G20<>"",Size!G20,"")
A20: =IF(OR(B20="",C20=""),"","SP-"&TEXT(ROW()-3,"000")) | D20: =IF(OR(B20="",C20=""),"",B20&" - "&C20) | F20: {=IFERROR(INDEX(Size!$E$4:$E$53,MATCH(C20,Size!$B$4:$B$53,0)),0)} -> 0 | G20: {=IFERROR(INDEX(Size!$C$4:$C$53,MATCH(C20,Size!$B$4:$B$53,0)),0)} -> 0 | H20: =IF(A20="","",G20*'Mẻ sữa'!$U$5) | I20: {=IFERROR(E20*INDEX('Hàng hóa'!$H$4:$H$203,MATCH(B20,'Hàng hóa'!$B$4:$B$203,0)),0)} -> 0 | J20: {=IF(A20="","",IFERROR(INDEX('Hàng hóa'!$H$4:$H$203,MATCH(INDEX(Size!$D$4:$D$53,MATCH(C20,Size!$B$4:$B$53,0)),'Hàng hóa'!$B$4:$B$203,0)),0)+IFERROR(INDEX('Hàng hóa'!$H$4:$H$203,MATCH("Ống hút",'Hàng hóa'!$B$4:$B$203,0)),0)+IFERROR(INDEX('Hàng hóa'!$H$4:$H$203,MATCH("Muỗng",'Hàng hóa'!$B$4:$B$203,0)),0)+IFERROR(INDEX('Hàng hóa'!$H$4:$H$203,MATCH("Túi mang đi",'Hàng hóa'!$B$4:$B$203,0)),0))} | K20: =IF(A20="","",(H20+I20+J20)*'Thiết lập'!$B$8) | L20: =IF(A20="","",SUM(H20:K20)) | M20: =IF(A20="","",'Thiết lập'!$B$12) | N20: =IF(A20="","",L20+M20) | P20: =IF(AND(D20<>"",O20="Có"),D20,"") | R20: =IF(AND('Hàng hóa'!B32<>"",'Hàng hóa'!C32="Topping",'Hàng hóa'!I32="Có"),'Hàng hóa'!B32,"") | S20: =IF(Size!G21<>"",Size!G21,"")
A21: =IF(OR(B21="",C21=""),"","SP-"&TEXT(ROW()-3,"000")) | D21: =IF(OR(B21="",C21=""),"",B21&" - "&C21) | F21: {=IFERROR(INDEX(Size!$E$4:$E$53,MATCH(C21,Size!$B$4:$B$53,0)),0)} -> 0 | G21: {=IFERROR(INDEX(Size!$C$4:$C$53,MATCH(C21,Size!$B$4:$B$53,0)),0)} -> 0 | H21: =IF(A21="","",G21*'Mẻ sữa'!$U$5) | I21: {=IFERROR(E21*INDEX('Hàng hóa'!$H$4:$H$203,MATCH(B21,'Hàng hóa'!$B$4:$B$203,0)),0)} -> 0 | J21: {=IF(A21="","",IFERROR(INDEX('Hàng hóa'!$H$4:$H$203,MATCH(INDEX(Size!$D$4:$D$53,MATCH(C21,Size!$B$4:$B$53,0)),'Hàng hóa'!$B$4:$B$203,0)),0)+IFERROR(INDEX('Hàng hóa'!$H$4:$H$203,MATCH("Ống hút",'Hàng hóa'!$B$4:$B$203,0)),0)+IFERROR(INDEX('Hàng hóa'!$H$4:$H$203,MATCH("Muỗng",'Hàng hóa'!$B$4:$B$203,0)),0)+IFERROR(INDEX('Hàng hóa'!$H$4:$H$203,MATCH("Túi mang đi",'Hàng hóa'!$B$4:$B$203,0)),0))} | K21: =IF(A21="","",(H21+I21+J21)*'Thiết lập'!$B$8) | L21: =IF(A21="","",SUM(H21:K21)) | M21: =IF(A21="","",'Thiết lập'!$B$12) | N21: =IF(A21="","",L21+M21) | P21: =IF(AND(D21<>"",O21="Có"),D21,"") | R21: =IF(AND('Hàng hóa'!B33<>"",'Hàng hóa'!C33="Topping",'Hàng hóa'!I33="Có"),'Hàng hóa'!B33,"") | S21: =IF(Size!G22<>"",Size!G22,"")
A22: =IF(OR(B22="",C22=""),"","SP-"&TEXT(ROW()-3,"000")) | D22: =IF(OR(B22="",C22=""),"",B22&" - "&C22) | F22: {=IFERROR(INDEX(Size!$E$4:$E$53,MATCH(C22,Size!$B$4:$B$53,0)),0)} -> 0 | G22: {=IFERROR(INDEX(Size!$C$4:$C$53,MATCH(C22,Size!$B$4:$B$53,0)),0)} -> 0 | H22: =IF(A22="","",G22*'Mẻ sữa'!$U$5) | I22: {=IFERROR(E22*INDEX('Hàng hóa'!$H$4:$H$203,MATCH(B22,'Hàng hóa'!$B$4:$B$203,0)),0)} -> 0 | J22: {=IF(A22="","",IFERROR(INDEX('Hàng hóa'!$H$4:$H$203,MATCH(INDEX(Size!$D$4:$D$53,MATCH(C22,Size!$B$4:$B$53,0)),'Hàng hóa'!$B$4:$B$203,0)),0)+IFERROR(INDEX('Hàng hóa'!$H$4:$H$203,MATCH("Ống hút",'Hàng hóa'!$B$4:$B$203,0)),0)+IFERROR(INDEX('Hàng hóa'!$H$4:$H$203,MATCH("Muỗng",'Hàng hóa'!$B$4:$B$203,0)),0)+IFERROR(INDEX('Hàng hóa'!$H$4:$H$203,MATCH("Túi mang đi",'Hàng hóa'!$B$4:$B$203,0)),0))} | K22: =IF(A22="","",(H22+I22+J22)*'Thiết lập'!$B$8) | L22: =IF(A22="","",SUM(H22:K22)) | M22: =IF(A22="","",'Thiết lập'!$B$12) | N22: =IF(A22="","",L22+M22) | P22: =IF(AND(D22<>"",O22="Có"),D22,"") | R22: =IF(AND('Hàng hóa'!B34<>"",'Hàng hóa'!C34="Topping",'Hàng hóa'!I34="Có"),'Hàng hóa'!B34,"") | S22: =IF(Size!G23<>"",Size!G23,"")
A23: =IF(OR(B23="",C23=""),"","SP-"&TEXT(ROW()-3,"000")) | D23: =IF(OR(B23="",C23=""),"",B23&" - "&C23) | F23: {=IFERROR(INDEX(Size!$E$4:$E$53,MATCH(C23,Size!$B$4:$B$53,0)),0)} -> 0 | G23: {=IFERROR(INDEX(Size!$C$4:$C$53,MATCH(C23,Size!$B$4:$B$53,0)),0)} -> 0 | H23: =IF(A23="","",G23*'Mẻ sữa'!$U$5) | I23: {=IFERROR(E23*INDEX('Hàng hóa'!$H$4:$H$203,MATCH(B23,'Hàng hóa'!$B$4:$B$203,0)),0)} -> 0 | J23: {=IF(A23="","",IFERROR(INDEX('Hàng hóa'!$H$4:$H$203,MATCH(INDEX(Size!$D$4:$D$53,MATCH(C23,Size!$B$4:$B$53,0)),'Hàng hóa'!$B$4:$B$203,0)),0)+IFERROR(INDEX('Hàng hóa'!$H$4:$H$203,MATCH("Ống hút",'Hàng hóa'!$B$4:$B$203,0)),0)+IFERROR(INDEX('Hàng hóa'!$H$4:$H$203,MATCH("Muỗng",'Hàng hóa'!$B$4:$B$203,0)),0)+IFERROR(INDEX('Hàng hóa'!$H$4:$H$203,MATCH("Túi mang đi",'Hàng hóa'!$B$4:$B$203,0)),0))} | K23: =IF(A23="","",(H23+I23+J23)*'Thiết lập'!$B$8) | L23: =IF(A23="","",SUM(H23:K23)) | M23: =IF(A23="","",'Thiết lập'!$B$12) | N23: =IF(A23="","",L23+M23) | P23: =IF(AND(D23<>"",O23="Có"),D23,"") | R23: =IF(AND('Hàng hóa'!B35<>"",'Hàng hóa'!C35="Topping",'Hàng hóa'!I35="Có"),'Hàng hóa'!B35,"") | S23: =IF(Size!G24<>"",Size!G24,"")
A24: =IF(OR(B24="",C24=""),"","SP-"&TEXT(ROW()-3,"000")) | D24: =IF(OR(B24="",C24=""),"",B24&" - "&C24) | F24: {=IFERROR(INDEX(Size!$E$4:$E$53,MATCH(C24,Size!$B$4:$B$53,0)),0)} -> 0 | G24: {=IFERROR(INDEX(Size!$C$4:$C$53,MATCH(C24,Size!$B$4:$B$53,0)),0)} -> 0 | H24: =IF(A24="","",G24*'Mẻ sữa'!$U$5) | I24: {=IFERROR(E24*INDEX('Hàng hóa'!$H$4:$H$203,MATCH(B24,'Hàng hóa'!$B$4:$B$203,0)),0)} -> 0 | J24: {=IF(A24="","",IFERROR(INDEX('Hàng hóa'!$H$4:$H$203,MATCH(INDEX(Size!$D$4:$D$53,MATCH(C24,Size!$B$4:$B$53,0)),'Hàng hóa'!$B$4:$B$203,0)),0)+IFERROR(INDEX('Hàng hóa'!$H$4:$H$203,MATCH("Ống hút",'Hàng hóa'!$B$4:$B$203,0)),0)+IFERROR(INDEX('Hàng hóa'!$H$4:$H$203,MATCH("Muỗng",'Hàng hóa'!$B$4:$B$203,0)),0)+IFERROR(INDEX('Hàng hóa'!$H$4:$H$203,MATCH("Túi mang đi",'Hàng hóa'!$B$4:$B$203,0)),0))} | K24: =IF(A24="","",(H24+I24+J24)*'Thiết lập'!$B$8) | L24: =IF(A24="","",SUM(H24:K24)) | M24: =IF(A24="","",'Thiết lập'!$B$12) | N24: =IF(A24="","",L24+M24) | P24: =IF(AND(D24<>"",O24="Có"),D24,"") | R24: =IF(AND('Hàng hóa'!B36<>"",'Hàng hóa'!C36="Topping",'Hàng hóa'!I36="Có"),'Hàng hóa'!B36,"") | S24: =IF(Size!G25<>"",Size!G25,"")
A25: =IF(OR(B25="",C25=""),"","SP-"&TEXT(ROW()-3,"000")) | D25: =IF(OR(B25="",C25=""),"",B25&" - "&C25) | F25: {=IFERROR(INDEX(Size!$E$4:$E$53,MATCH(C25,Size!$B$4:$B$53,0)),0)} -> 0 | G25: {=IFERROR(INDEX(Size!$C$4:$C$53,MATCH(C25,Size!$B$4:$B$53,0)),0)} -> 0 | H25: =IF(A25="","",G25*'Mẻ sữa'!$U$5) | I25: {=IFERROR(E25*INDEX('Hàng hóa'!$H$4:$H$203,MATCH(B25,'Hàng hóa'!$B$4:$B$203,0)),0)} -> 0 | J25: {=IF(A25="","",IFERROR(INDEX('Hàng hóa'!$H$4:$H$203,MATCH(INDEX(Size!$D$4:$D$53,MATCH(C25,Size!$B$4:$B$53,0)),'Hàng hóa'!$B$4:$B$203,0)),0)+IFERROR(INDEX('Hàng hóa'!$H$4:$H$203,MATCH("Ống hút",'Hàng hóa'!$B$4:$B$203,0)),0)+IFERROR(INDEX('Hàng hóa'!$H$4:$H$203,MATCH("Muỗng",'Hàng hóa'!$B$4:$B$203,0)),0)+IFERROR(INDEX('Hàng hóa'!$H$4:$H$203,MATCH("Túi mang đi",'Hàng hóa'!$B$4:$B$203,0)),0))} | K25: =IF(A25="","",(H25+I25+J25)*'Thiết lập'!$B$8) | L25: =IF(A25="","",SUM(H25:K25)) | M25: =IF(A25="","",'Thiết lập'!$B$12) | N25: =IF(A25="","",L25+M25) | P25: =IF(AND(D25<>"",O25="Có"),D25,"") | R25: =IF(AND('Hàng hóa'!B37<>"",'Hàng hóa'!C37="Topping",'Hàng hóa'!I37="Có"),'Hàng hóa'!B37,"") | S25: =IF(Size!G26<>"",Size!G26,"")
... A52: =IF(OR(B52="",C52=""),"","SP-"&TEXT(ROW()-3,"000")) | D52: =IF(OR(B52="",C52=""),"",B52&" - "&C52) | F52: {=IFERROR(INDEX(Size!$E$4:$E$53,MATCH(C52,Size!$B$4:$B$53,0)),0)} -> 0 | G52: {=IFERROR(INDEX(Size!$C$4:$C$53,MATCH(C52,Size!$B$4:$B$53,0)),0)} -> 0 | H52: =IF(A52="","",G52*'Mẻ sữa'!$U$5) | I52: {=IFERROR(E52*INDEX('Hàng hóa'!$H$4:$H$203,MATCH(B52,'Hàng hóa'!$B$4:$B$203,0)),0)} -> 0 | J52: {=IF(A52="","",IFERROR(INDEX('Hàng hóa'!$H$4:$H$203,MATCH(INDEX(Size!$D$4:$D$53,MATCH(C52,Size!$B$4:$B$53,0)),'Hàng hóa'!$B$4:$B$203,0)),0)+IFERROR(INDEX('Hàng hóa'!$H$4:$H$203,MATCH("Ống hút",'Hàng hóa'!$B$4:$B$203,0)),0)+IFERROR(INDEX('Hàng hóa'!$H$4:$H$203,MATCH("Muỗng",'Hàng hóa'!$B$4:$B$203,0)),0)+IFERROR(INDEX('Hàng hóa'!$H$4:$H$203,MATCH("Túi mang đi",'Hàng hóa'!$B$4:$B$203,0)),0))} | K52: =IF(A52="","",(H52+I52+J52)*'Thiết lập'!$B$8) | L52: =IF(A52="","",SUM(H52:K52)) | M52: =IF(A52="","",'Thiết lập'!$B$12) | N52: =IF(A52="","",L52+M52) | P52: =IF(AND(D52<>"",O52="Có"),D52,"") | R52: =IF(AND('Hàng hóa'!B64<>"",'Hàng hóa'!C64="Topping",'Hàng hóa'!I64="Có"),'Hàng hóa'!B64,"") | S52: =IF(Size!G53<>"",Size!G53,"")
A53: =IF(OR(B53="",C53=""),"","SP-"&TEXT(ROW()-3,"000")) | D53: =IF(OR(B53="",C53=""),"",B53&" - "&C53) | F53: {=IFERROR(INDEX(Size!$E$4:$E$53,MATCH(C53,Size!$B$4:$B$53,0)),0)} -> 0 | G53: {=IFERROR(INDEX(Size!$C$4:$C$53,MATCH(C53,Size!$B$4:$B$53,0)),0)} -> 0 | H53: =IF(A53="","",G53*'Mẻ sữa'!$U$5) | I53: {=IFERROR(E53*INDEX('Hàng hóa'!$H$4:$H$203,MATCH(B53,'Hàng hóa'!$B$4:$B$203,0)),0)} -> 0 | J53: {=IF(A53="","",IFERROR(INDEX('Hàng hóa'!$H$4:$H$203,MATCH(INDEX(Size!$D$4:$D$53,MATCH(C53,Size!$B$4:$B$53,0)),'Hàng hóa'!$B$4:$B$203,0)),0)+IFERROR(INDEX('Hàng hóa'!$H$4:$H$203,MATCH("Ống hút",'Hàng hóa'!$B$4:$B$203,0)),0)+IFERROR(INDEX('Hàng hóa'!$H$4:$H$203,MATCH("Muỗng",'Hàng hóa'!$B$4:$B$203,0)),0)+IFERROR(INDEX('Hàng hóa'!$H$4:$H$203,MATCH("Túi mang đi",'Hàng hóa'!$B$4:$B$203,0)),0))} | K53: =IF(A53="","",(H53+I53+J53)*'Thiết lập'!$B$8) | L53: =IF(A53="","",SUM(H53:K53)) | M53: =IF(A53="","",'Thiết lập'!$B$12) | N53: =IF(A53="","",L53+M53) | P53: =IF(AND(D53<>"",O53="Có"),D53,"") | R53: =IF(AND('Hàng hóa'!B65<>"",'Hàng hóa'!C65="Topping",'Hàng hóa'!I65="Có"),'Hàng hóa'!B65,"")
A54: =IF(OR(B54="",C54=""),"","SP-"&TEXT(ROW()-3,"000")) | D54: =IF(OR(B54="",C54=""),"",B54&" - "&C54) | F54: {=IFERROR(INDEX(Size!$E$4:$E$53,MATCH(C54,Size!$B$4:$B$53,0)),0)} -> 0 | G54: {=IFERROR(INDEX(Size!$C$4:$C$53,MATCH(C54,Size!$B$4:$B$53,0)),0)} -> 0 | H54: =IF(A54="","",G54*'Mẻ sữa'!$U$5) | I54: {=IFERROR(E54*INDEX('Hàng hóa'!$H$4:$H$203,MATCH(B54,'Hàng hóa'!$B$4:$B$203,0)),0)} -> 0 | J54: {=IF(A54="","",IFERROR(INDEX('Hàng hóa'!$H$4:$H$203,MATCH(INDEX(Size!$D$4:$D$53,MATCH(C54,Size!$B$4:$B$53,0)),'Hàng hóa'!$B$4:$B$203,0)),0)+IFERROR(INDEX('Hàng hóa'!$H$4:$H$203,MATCH("Ống hút",'Hàng hóa'!$B$4:$B$203,0)),0)+IFERROR(INDEX('Hàng hóa'!$H$4:$H$203,MATCH("Muỗng",'Hàng hóa'!$B$4:$B$203,0)),0)+IFERROR(INDEX('Hàng hóa'!$H$4:$H$203,MATCH("Túi mang đi",'Hàng hóa'!$B$4:$B$203,0)),0))} | K54: =IF(A54="","",(H54+I54+J54)*'Thiết lập'!$B$8) | L54: =IF(A54="","",SUM(H54:K54)) | M54: =IF(A54="","",'Thiết lập'!$B$12) | N54: =IF(A54="","",L54+M54) | P54: =IF(AND(D54<>"",O54="Có"),D54,"") | R54: =IF(AND('Hàng hóa'!B66<>"",'Hàng hóa'!C66="Topping",'Hàng hóa'!I66="Có"),'Hàng hóa'!B66,"")
A55: =IF(OR(B55="",C55=""),"","SP-"&TEXT(ROW()-3,"000")) | D55: =IF(OR(B55="",C55=""),"",B55&" - "&C55) | F55: {=IFERROR(INDEX(Size!$E$4:$E$53,MATCH(C55,Size!$B$4:$B$53,0)),0)} -> 0 | G55: {=IFERROR(INDEX(Size!$C$4:$C$53,MATCH(C55,Size!$B$4:$B$53,0)),0)} -> 0 | H55: =IF(A55="","",G55*'Mẻ sữa'!$U$5) | I55: {=IFERROR(E55*INDEX('Hàng hóa'!$H$4:$H$203,MATCH(B55,'Hàng hóa'!$B$4:$B$203,0)),0)} -> 0 | J55: {=IF(A55="","",IFERROR(INDEX('Hàng hóa'!$H$4:$H$203,MATCH(INDEX(Size!$D$4:$D$53,MATCH(C55,Size!$B$4:$B$53,0)),'Hàng hóa'!$B$4:$B$203,0)),0)+IFERROR(INDEX('Hàng hóa'!$H$4:$H$203,MATCH("Ống hút",'Hàng hóa'!$B$4:$B$203,0)),0)+IFERROR(INDEX('Hàng hóa'!$H$4:$H$203,MATCH("Muỗng",'Hàng hóa'!$B$4:$B$203,0)),0)+IFERROR(INDEX('Hàng hóa'!$H$4:$H$203,MATCH("Túi mang đi",'Hàng hóa'!$B$4:$B$203,0)),0))} | K55: =IF(A55="","",(H55+I55+J55)*'Thiết lập'!$B$8) | L55: =IF(A55="","",SUM(H55:K55)) | M55: =IF(A55="","",'Thiết lập'!$B$12) | N55: =IF(A55="","",L55+M55) | P55: =IF(AND(D55<>"",O55="Có"),D55,"") | R55: =IF(AND('Hàng hóa'!B67<>"",'Hàng hóa'!C67="Topping",'Hàng hóa'!I67="Có"),'Hàng hóa'!B67,"")
A56: =IF(OR(B56="",C56=""),"","SP-"&TEXT(ROW()-3,"000")) | D56: =IF(OR(B56="",C56=""),"",B56&" - "&C56) | F56: {=IFERROR(INDEX(Size!$E$4:$E$53,MATCH(C56,Size!$B$4:$B$53,0)),0)} -> 0 | G56: {=IFERROR(INDEX(Size!$C$4:$C$53,MATCH(C56,Size!$B$4:$B$53,0)),0)} -> 0 | H56: =IF(A56="","",G56*'Mẻ sữa'!$U$5) | I56: {=IFERROR(E56*INDEX('Hàng hóa'!$H$4:$H$203,MATCH(B56,'Hàng hóa'!$B$4:$B$203,0)),0)} -> 0 | J56: {=IF(A56="","",IFERROR(INDEX('Hàng hóa'!$H$4:$H$203,MATCH(INDEX(Size!$D$4:$D$53,MATCH(C56,Size!$B$4:$B$53,0)),'Hàng hóa'!$B$4:$B$203,0)),0)+IFERROR(INDEX('Hàng hóa'!$H$4:$H$203,MATCH("Ống hút",'Hàng hóa'!$B$4:$B$203,0)),0)+IFERROR(INDEX('Hàng hóa'!$H$4:$H$203,MATCH("Muỗng",'Hàng hóa'!$B$4:$B$203,0)),0)+IFERROR(INDEX('Hàng hóa'!$H$4:$H$203,MATCH("Túi mang đi",'Hàng hóa'!$B$4:$B$203,0)),0))} | K56: =IF(A56="","",(H56+I56+J56)*'Thiết lập'!$B$8) | L56: =IF(A56="","",SUM(H56:K56)) | M56: =IF(A56="","",'Thiết lập'!$B$12) | N56: =IF(A56="","",L56+M56) | P56: =IF(AND(D56<>"",O56="Có"),D56,"") | R56: =IF(AND('Hàng hóa'!B68<>"",'Hàng hóa'!C68="Topping",'Hàng hóa'!I68="Có"),'Hàng hóa'!B68,"")
A57: =IF(OR(B57="",C57=""),"","SP-"&TEXT(ROW()-3,"000")) | D57: =IF(OR(B57="",C57=""),"",B57&" - "&C57) | F57: {=IFERROR(INDEX(Size!$E$4:$E$53,MATCH(C57,Size!$B$4:$B$53,0)),0)} -> 0 | G57: {=IFERROR(INDEX(Size!$C$4:$C$53,MATCH(C57,Size!$B$4:$B$53,0)),0)} -> 0 | H57: =IF(A57="","",G57*'Mẻ sữa'!$U$5) | I57: {=IFERROR(E57*INDEX('Hàng hóa'!$H$4:$H$203,MATCH(B57,'Hàng hóa'!$B$4:$B$203,0)),0)} -> 0 | J57: {=IF(A57="","",IFERROR(INDEX('Hàng hóa'!$H$4:$H$203,MATCH(INDEX(Size!$D$4:$D$53,MATCH(C57,Size!$B$4:$B$53,0)),'Hàng hóa'!$B$4:$B$203,0)),0)+IFERROR(INDEX('Hàng hóa'!$H$4:$H$203,MATCH("Ống hút",'Hàng hóa'!$B$4:$B$203,0)),0)+IFERROR(INDEX('Hàng hóa'!$H$4:$H$203,MATCH("Muỗng",'Hàng hóa'!$B$4:$B$203,0)),0)+IFERROR(INDEX('Hàng hóa'!$H$4:$H$203,MATCH("Túi mang đi",'Hàng hóa'!$B$4:$B$203,0)),0))} | K57: =IF(A57="","",(H57+I57+J57)*'Thiết lập'!$B$8) | L57: =IF(A57="","",SUM(H57:K57)) | M57: =IF(A57="","",'Thiết lập'!$B$12) | N57: =IF(A57="","",L57+M57) | P57: =IF(AND(D57<>"",O57="Có"),D57,"") | R57: =IF(AND('Hàng hóa'!B69<>"",'Hàng hóa'!C69="Topping",'Hàng hóa'!I69="Có"),'Hàng hóa'!B69,"")
A58: =IF(OR(B58="",C58=""),"","SP-"&TEXT(ROW()-3,"000")) | D58: =IF(OR(B58="",C58=""),"",B58&" - "&C58) | F58: {=IFERROR(INDEX(Size!$E$4:$E$53,MATCH(C58,Size!$B$4:$B$53,0)),0)} -> 0 | G58: {=IFERROR(INDEX(Size!$C$4:$C$53,MATCH(C58,Size!$B$4:$B$53,0)),0)} -> 0 | H58: =IF(A58="","",G58*'Mẻ sữa'!$U$5) | I58: {=IFERROR(E58*INDEX('Hàng hóa'!$H$4:$H$203,MATCH(B58,'Hàng hóa'!$B$4:$B$203,0)),0)} -> 0 | J58: {=IF(A58="","",IFERROR(INDEX('Hàng hóa'!$H$4:$H$203,MATCH(INDEX(Size!$D$4:$D$53,MATCH(C58,Size!$B$4:$B$53,0)),'Hàng hóa'!$B$4:$B$203,0)),0)+IFERROR(INDEX('Hàng hóa'!$H$4:$H$203,MATCH("Ống hút",'Hàng hóa'!$B$4:$B$203,0)),0)+IFERROR(INDEX('Hàng hóa'!$H$4:$H$203,MATCH("Muỗng",'Hàng hóa'!$B$4:$B$203,0)),0)+IFERROR(INDEX('Hàng hóa'!$H$4:$H$203,MATCH("Túi mang đi",'Hàng hóa'!$B$4:$B$203,0)),0))} | K58: =IF(A58="","",(H58+I58+J58)*'Thiết lập'!$B$8) | L58: =IF(A58="","",SUM(H58:K58)) | M58: =IF(A58="","",'Thiết lập'!$B$12) | N58: =IF(A58="","",L58+M58) | P58: =IF(AND(D58<>"",O58="Có"),D58,"") | R58: =IF(AND('Hàng hóa'!B70<>"",'Hàng hóa'!C70="Topping",'Hàng hóa'!I70="Có"),'Hàng hóa'!B70,"")
A59: =IF(OR(B59="",C59=""),"","SP-"&TEXT(ROW()-3,"000")) | D59: =IF(OR(B59="",C59=""),"",B59&" - "&C59) | F59: {=IFERROR(INDEX(Size!$E$4:$E$53,MATCH(C59,Size!$B$4:$B$53,0)),0)} -> 0 | G59: {=IFERROR(INDEX(Size!$C$4:$C$53,MATCH(C59,Size!$B$4:$B$53,0)),0)} -> 0 | H59: =IF(A59="","",G59*'Mẻ sữa'!$U$5) | I59: {=IFERROR(E59*INDEX('Hàng hóa'!$H$4:$H$203,MATCH(B59,'Hàng hóa'!$B$4:$B$203,0)),0)} -> 0 | J59: {=IF(A59="","",IFERROR(INDEX('Hàng hóa'!$H$4:$H$203,MATCH(INDEX(Size!$D$4:$D$53,MATCH(C59,Size!$B$4:$B$53,0)),'Hàng hóa'!$B$4:$B$203,0)),0)+IFERROR(INDEX('Hàng hóa'!$H$4:$H$203,MATCH("Ống hút",'Hàng hóa'!$B$4:$B$203,0)),0)+IFERROR(INDEX('Hàng hóa'!$H$4:$H$203,MATCH("Muỗng",'Hàng hóa'!$B$4:$B$203,0)),0)+IFERROR(INDEX('Hàng hóa'!$H$4:$H$203,MATCH("Túi mang đi",'Hàng hóa'!$B$4:$B$203,0)),0))} | K59: =IF(A59="","",(H59+I59+J59)*'Thiết lập'!$B$8) | L59: =IF(A59="","",SUM(H59:K59)) | M59: =IF(A59="","",'Thiết lập'!$B$12) | N59: =IF(A59="","",L59+M59) | P59: =IF(AND(D59<>"",O59="Có"),D59,"") | R59: =IF(AND('Hàng hóa'!B71<>"",'Hàng hóa'!C71="Topping",'Hàng hóa'!I71="Có"),'Hàng hóa'!B71,"")
A60: =IF(OR(B60="",C60=""),"","SP-"&TEXT(ROW()-3,"000")) | D60: =IF(OR(B60="",C60=""),"",B60&" - "&C60) | F60: {=IFERROR(INDEX(Size!$E$4:$E$53,MATCH(C60,Size!$B$4:$B$53,0)),0)} -> 0 | G60: {=IFERROR(INDEX(Size!$C$4:$C$53,MATCH(C60,Size!$B$4:$B$53,0)),0)} -> 0 | H60: =IF(A60="","",G60*'Mẻ sữa'!$U$5) | I60: {=IFERROR(E60*INDEX('Hàng hóa'!$H$4:$H$203,MATCH(B60,'Hàng hóa'!$B$4:$B$203,0)),0)} -> 0 | J60: {=IF(A60="","",IFERROR(INDEX('Hàng hóa'!$H$4:$H$203,MATCH(INDEX(Size!$D$4:$D$53,MATCH(C60,Size!$B$4:$B$53,0)),'Hàng hóa'!$B$4:$B$203,0)),0)+IFERROR(INDEX('Hàng hóa'!$H$4:$H$203,MATCH("Ống hút",'Hàng hóa'!$B$4:$B$203,0)),0)+IFERROR(INDEX('Hàng hóa'!$H$4:$H$203,MATCH("Muỗng",'Hàng hóa'!$B$4:$B$203,0)),0)+IFERROR(INDEX('Hàng hóa'!$H$4:$H$203,MATCH("Túi mang đi",'Hàng hóa'!$B$4:$B$203,0)),0))} | K60: =IF(A60="","",(H60+I60+J60)*'Thiết lập'!$B$8) | L60: =IF(A60="","",SUM(H60:K60)) | M60: =IF(A60="","",'Thiết lập'!$B$12) | N60: =IF(A60="","",L60+M60) | P60: =IF(AND(D60<>"",O60="Có"),D60,"") | R60: =IF(AND('Hàng hóa'!B72<>"",'Hàng hóa'!C72="Topping",'Hàng hóa'!I72="Có"),'Hàng hóa'!B72,"")
A61: =IF(OR(B61="",C61=""),"","SP-"&TEXT(ROW()-3,"000")) | D61: =IF(OR(B61="",C61=""),"",B61&" - "&C61) | F61: {=IFERROR(INDEX(Size!$E$4:$E$53,MATCH(C61,Size!$B$4:$B$53,0)),0)} -> 0 | G61: {=IFERROR(INDEX(Size!$C$4:$C$53,MATCH(C61,Size!$B$4:$B$53,0)),0)} -> 0 | H61: =IF(A61="","",G61*'Mẻ sữa'!$U$5) | I61: {=IFERROR(E61*INDEX('Hàng hóa'!$H$4:$H$203,MATCH(B61,'Hàng hóa'!$B$4:$B$203,0)),0)} -> 0 | J61: {=IF(A61="","",IFERROR(INDEX('Hàng hóa'!$H$4:$H$203,MATCH(INDEX(Size!$D$4:$D$53,MATCH(C61,Size!$B$4:$B$53,0)),'Hàng hóa'!$B$4:$B$203,0)),0)+IFERROR(INDEX('Hàng hóa'!$H$4:$H$203,MATCH("Ống hút",'Hàng hóa'!$B$4:$B$203,0)),0)+IFERROR(INDEX('Hàng hóa'!$H$4:$H$203,MATCH("Muỗng",'Hàng hóa'!$B$4:$B$203,0)),0)+IFERROR(INDEX('Hàng hóa'!$H$4:$H$203,MATCH("Túi mang đi",'Hàng hóa'!$B$4:$B$203,0)),0))} | K61: =IF(A61="","",(H61+I61+J61)*'Thiết lập'!$B$8) | L61: =IF(A61="","",SUM(H61:K61)) | M61: =IF(A61="","",'Thiết lập'!$B$12) | N61: =IF(A61="","",L61+M61) | P61: =IF(AND(D61<>"",O61="Có"),D61,"") | R61: =IF(AND('Hàng hóa'!B73<>"",'Hàng hóa'!C73="Topping",'Hàng hóa'!I73="Có"),'Hàng hóa'!B73,"")
A62: =IF(OR(B62="",C62=""),"","SP-"&TEXT(ROW()-3,"000")) | D62: =IF(OR(B62="",C62=""),"",B62&" - "&C62) | F62: {=IFERROR(INDEX(Size!$E$4:$E$53,MATCH(C62,Size!$B$4:$B$53,0)),0)} -> 0 | G62: {=IFERROR(INDEX(Size!$C$4:$C$53,MATCH(C62,Size!$B$4:$B$53,0)),0)} -> 0 | H62: =IF(A62="","",G62*'Mẻ sữa'!$U$5) | I62: {=IFERROR(E62*INDEX('Hàng hóa'!$H$4:$H$203,MATCH(B62,'Hàng hóa'!$B$4:$B$203,0)),0)} -> 0 | J62: {=IF(A62="","",IFERROR(INDEX('Hàng hóa'!$H$4:$H$203,MATCH(INDEX(Size!$D$4:$D$53,MATCH(C62,Size!$B$4:$B$53,0)),'Hàng hóa'!$B$4:$B$203,0)),0)+IFERROR(INDEX('Hàng hóa'!$H$4:$H$203,MATCH("Ống hút",'Hàng hóa'!$B$4:$B$203,0)),0)+IFERROR(INDEX('Hàng hóa'!$H$4:$H$203,MATCH("Muỗng",'Hàng hóa'!$B$4:$B$203,0)),0)+IFERROR(INDEX('Hàng hóa'!$H$4:$H$203,MATCH("Túi mang đi",'Hàng hóa'!$B$4:$B$203,0)),0))} | K62: =IF(A62="","",(H62+I62+J62)*'Thiết lập'!$B$8) | L62: =IF(A62="","",SUM(H62:K62)) | M62: =IF(A62="","",'Thiết lập'!$B$12) | N62: =IF(A62="","",L62+M62) | P62: =IF(AND(D62<>"",O62="Có"),D62,"") | R62: =IF(AND('Hàng hóa'!B74<>"",'Hàng hóa'!C74="Topping",'Hàng hóa'!I74="Có"),'Hàng hóa'!B74,"")
A63: =IF(OR(B63="",C63=""),"","SP-"&TEXT(ROW()-3,"000")) | D63: =IF(OR(B63="",C63=""),"",B63&" - "&C63) | F63: {=IFERROR(INDEX(Size!$E$4:$E$53,MATCH(C63,Size!$B$4:$B$53,0)),0)} -> 0 | G63: {=IFERROR(INDEX(Size!$C$4:$C$53,MATCH(C63,Size!$B$4:$B$53,0)),0)} -> 0 | H63: =IF(A63="","",G63*'Mẻ sữa'!$U$5) | I63: {=IFERROR(E63*INDEX('Hàng hóa'!$H$4:$H$203,MATCH(B63,'Hàng hóa'!$B$4:$B$203,0)),0)} -> 0 | J63: {=IF(A63="","",IFERROR(INDEX('Hàng hóa'!$H$4:$H$203,MATCH(INDEX(Size!$D$4:$D$53,MATCH(C63,Size!$B$4:$B$53,0)),'Hàng hóa'!$B$4:$B$203,0)),0)+IFERROR(INDEX('Hàng hóa'!$H$4:$H$203,MATCH("Ống hút",'Hàng hóa'!$B$4:$B$203,0)),0)+IFERROR(INDEX('Hàng hóa'!$H$4:$H$203,MATCH("Muỗng",'Hàng hóa'!$B$4:$B$203,0)),0)+IFERROR(INDEX('Hàng hóa'!$H$4:$H$203,MATCH("Túi mang đi",'Hàng hóa'!$B$4:$B$203,0)),0))} | K63: =IF(A63="","",(H63+I63+J63)*'Thiết lập'!$B$8) | L63: =IF(A63="","",SUM(H63:K63)) | M63: =IF(A63="","",'Thiết lập'!$B$12) | N63: =IF(A63="","",L63+M63) | P63: =IF(AND(D63<>"",O63="Có"),D63,"") | R63: =IF(AND('Hàng hóa'!B75<>"",'Hàng hóa'!C75="Topping",'Hàng hóa'!I75="Có"),'Hàng hóa'!B75,"")
A64: =IF(OR(B64="",C64=""),"","SP-"&TEXT(ROW()-3,"000")) | D64: =IF(OR(B64="",C64=""),"",B64&" - "&C64) | F64: {=IFERROR(INDEX(Size!$E$4:$E$53,MATCH(C64,Size!$B$4:$B$53,0)),0)} -> 0 | G64: {=IFERROR(INDEX(Size!$C$4:$C$53,MATCH(C64,Size!$B$4:$B$53,0)),0)} -> 0 | H64: =IF(A64="","",G64*'Mẻ sữa'!$U$5) | I64: {=IFERROR(E64*INDEX('Hàng hóa'!$H$4:$H$203,MATCH(B64,'Hàng hóa'!$B$4:$B$203,0)),0)} -> 0 | J64: {=IF(A64="","",IFERROR(INDEX('Hàng hóa'!$H$4:$H$203,MATCH(INDEX(Size!$D$4:$D$53,MATCH(C64,Size!$B$4:$B$53,0)),'Hàng hóa'!$B$4:$B$203,0)),0)+IFERROR(INDEX('Hàng hóa'!$H$4:$H$203,MATCH("Ống hút",'Hàng hóa'!$B$4:$B$203,0)),0)+IFERROR(INDEX('Hàng hóa'!$H$4:$H$203,MATCH("Muỗng",'Hàng hóa'!$B$4:$B$203,0)),0)+IFERROR(INDEX('Hàng hóa'!$H$4:$H$203,MATCH("Túi mang đi",'Hàng hóa'!$B$4:$B$203,0)),0))} | K64: =IF(A64="","",(H64+I64+J64)*'Thiết lập'!$B$8) | L64: =IF(A64="","",SUM(H64:K64)) | M64: =IF(A64="","",'Thiết lập'!$B$12) | N64: =IF(A64="","",L64+M64) | P64: =IF(AND(D64<>"",O64="Có"),D64,"") | R64: =IF(AND('Hàng hóa'!B76<>"",'Hàng hóa'!C76="Topping",'Hàng hóa'!I76="Có"),'Hàng hóa'!B76,"")
... A103: =IF(OR(B103="",C103=""),"","SP-"&TEXT(ROW()-3,"000")) | D103: =IF(OR(B103="",C103=""),"",B103&" - "&C103) | F103: {=IFERROR(INDEX(Size!$E$4:$E$53,MATCH(C103,Size!$B$4:$B$53,0)),0)} -> 0 | G103: {=IFERROR(INDEX(Size!$C$4:$C$53,MATCH(C103,Size!$B$4:$B$53,0)),0)} -> 0 | H103: =IF(A103="","",G103*'Mẻ sữa'!$U$5) | I103: {=IFERROR(E103*INDEX('Hàng hóa'!$H$4:$H$203,MATCH(B103,'Hàng hóa'!$B$4:$B$203,0)),0)} -> 0 | J103: {=IF(A103="","",IFERROR(INDEX('Hàng hóa'!$H$4:$H$203,MATCH(INDEX(Size!$D$4:$D$53,MATCH(C103,Size!$B$4:$B$53,0)),'Hàng hóa'!$B$4:$B$203,0)),0)+IFERROR(INDEX('Hàng hóa'!$H$4:$H$203,MATCH("Ống hút",'Hàng hóa'!$B$4:$B$203,0)),0)+IFERROR(INDEX('Hàng hóa'!$H$4:$H$203,MATCH("Muỗng",'Hàng hóa'!$B$4:$B$203,0)),0)+IFERROR(INDEX('Hàng hóa'!$H$4:$H$203,MATCH("Túi mang đi",'Hàng hóa'!$B$4:$B$203,0)),0))} | K103: =IF(A103="","",(H103+I103+J103)*'Thiết lập'!$B$8) | L103: =IF(A103="","",SUM(H103:K103)) | M103: =IF(A103="","",'Thiết lập'!$B$12) | N103: =IF(A103="","",L103+M103) | P103: =IF(AND(D103<>"",O103="Có"),D103,"") | R103: =IF(AND('Hàng hóa'!B115<>"",'Hàng hóa'!C115="Topping",'Hàng hóa'!I115="Có"),'Hàng hóa'!B115,"")
R104: =IF(AND('Hàng hóa'!B116<>"",'Hàng hóa'!C116="Topping",'Hàng hóa'!I116="Có"),'Hàng hóa'!B116,"")
R105: =IF(AND('Hàng hóa'!B117<>"",'Hàng hóa'!C117="Topping",'Hàng hóa'!I117="Có"),'Hàng hóa'!B117,"")
R106: =IF(AND('Hàng hóa'!B118<>"",'Hàng hóa'!C118="Topping",'Hàng hóa'!I118="Có"),'Hàng hóa'!B118,"")
R107: =IF(AND('Hàng hóa'!B119<>"",'Hàng hóa'!C119="Topping",'Hàng hóa'!I119="Có"),'Hàng hóa'!B119,"")
R108: =IF(AND('Hàng hóa'!B120<>"",'Hàng hóa'!C120="Topping",'Hàng hóa'!I120="Có"),'Hàng hóa'!B120,"")
R109: =IF(AND('Hàng hóa'!B121<>"",'Hàng hóa'!C121="Topping",'Hàng hóa'!I121="Có"),'Hàng hóa'!B121,"")
R110: =IF(AND('Hàng hóa'!B122<>"",'Hàng hóa'!C122="Topping",'Hàng hóa'!I122="Có"),'Hàng hóa'!B122,"")
R111: =IF(AND('Hàng hóa'!B123<>"",'Hàng hóa'!C123="Topping",'Hàng hóa'!I123="Có"),'Hàng hóa'!B123,"")
R112: =IF(AND('Hàng hóa'!B124<>"",'Hàng hóa'!C124="Topping",'Hàng hóa'!I124="Có"),'Hàng hóa'!B124,"")
R113: =IF(AND('Hàng hóa'!B125<>"",'Hàng hóa'!C125="Topping",'Hàng hóa'!I125="Có"),'Hàng hóa'!B125,"")
R114: =IF(AND('Hàng hóa'!B126<>"",'Hàng hóa'!C126="Topping",'Hàng hóa'!I126="Có"),'Hàng hóa'!B126,"")
R115: =IF(AND('Hàng hóa'!B127<>"",'Hàng hóa'!C127="Topping",'Hàng hóa'!I127="Có"),'Hàng hóa'!B127,"")
... R191: =IF(AND('Hàng hóa'!B203<>"",'Hàng hóa'!C203="Topping",'Hàng hóa'!I203="Có"),'Hàng hóa'!B203,"")
R192: =IF(AND('Hàng hóa'!B193<>"",'Hàng hóa'!C193="Topping",'Hàng hóa'!I193="Có"),'Hàng hóa'!B193,"")
R193: =IF(AND('Hàng hóa'!B194<>"",'Hàng hóa'!C194="Topping",'Hàng hóa'!I194="Có"),'Hàng hóa'!B194,"")
R194: =IF(AND('Hàng hóa'!B195<>"",'Hàng hóa'!C195="Topping",'Hàng hóa'!I195="Có"),'Hàng hóa'!B195,"")
R195: =IF(AND('Hàng hóa'!B196<>"",'Hàng hóa'!C196="Topping",'Hàng hóa'!I196="Có"),'Hàng hóa'!B196,"")
R196: =IF(AND('Hàng hóa'!B197<>"",'Hàng hóa'!C197="Topping",'Hàng hóa'!I197="Có"),'Hàng hóa'!B197,"")
R197: =IF(AND('Hàng hóa'!B198<>"",'Hàng hóa'!C198="Topping",'Hàng hóa'!I198="Có"),'Hàng hóa'!B198,"")
R198: =IF(AND('Hàng hóa'!B199<>"",'Hàng hóa'!C199="Topping",'Hàng hóa'!I199="Có"),'Hàng hóa'!B199,"")
R199: =IF(AND('Hàng hóa'!B200<>"",'Hàng hóa'!C200="Topping",'Hàng hóa'!I200="Có"),'Hàng hóa'!B200,"")
R200: =IF(AND('Hàng hóa'!B201<>"",'Hàng hóa'!C201="Topping",'Hàng hóa'!I201="Có"),'Hàng hóa'!B201,"")
R201: =IF(AND('Hàng hóa'!B202<>"",'Hàng hóa'!C202="Topping",'Hàng hóa'!I202="Có"),'Hàng hóa'!B202,"")
R202: =IF(AND('Hàng hóa'!B203<>"",'Hàng hóa'!C203="Topping",'Hàng hóa'!I203="Có"),'Hàng hóa'!B203,"")

Sheet Hàng hóa
A1: DANH MỤC HÀNG HÓA — NHẬP TIẾP XUỐNG DƯỚI
A2: Có sẵn 200 dòng. Khi thêm nguyên liệu/topping/bao bì mới, chỉ nhập vào dòng trống tiếp theo. | M2: Nhóm | N2: Kích hoạt | O2: Đơn vị
A3: Mã nội bộ | B3: Tên hàng | C3: Nhóm | D3: Đơn vị mua | E3: Quy cách/gói | F3: Đơn vị tính cost | G3: Giá tham khảo/gói (đ) | H3: Giá vốn BQ/đơn vị (đ) | I3: Kích hoạt | J3: Ghi chú | K3: DS tên hàng | M3: Nguyên liệu | N3: Có | O3: lít
A4: NL001 | B4: Sữa tươi | C4: Nguyên liệu | D4: Bịch | E4: 1 | F4: lít | G4: 25000 | H4: =IF(B4="","",IFERROR(IF(SUMIFS('Nhập hàng'!$J$4:$J$503,'Nhập hàng'!$C$4:$C$503,A4)>0,SUMIFS('Nhập hàng'!$K$4:$K$503,'Nhập hàng'!$C$4:$C$503,A4)/SUMIFS('Nhập hàng'!$J$4:$J$503,'Nhập hàng'!$C$4:$C$503,A4),G4/E4),0)) -> 24250 | I4: Có | J4: 25.000đ/lít | K4: =IF(AND(B4<>"",I4="Có"),B4,"") -> Sữa tươi | M4: Topping | N4: Không | O4: ml
A5: NL002 | B5: Whipping cream | C5: Nguyên liệu | D5: Hộp | E5: 1 | F5: lít | G5: 158000 | H5: =IF(B5="","",IFERROR(IF(SUMIFS('Nhập hàng'!$J$4:$J$503,'Nhập hàng'!$C$4:$C$503,A5)>0,SUMIFS('Nhập hàng'!$K$4:$K$503,'Nhập hàng'!$C$4:$C$503,A5)/SUMIFS('Nhập hàng'!$J$4:$J$503,'Nhập hàng'!$C$4:$C$503,A5),G5/E5),0)) -> 79000 | I5: Có | J5: 1 hộp = 1.000ml | K5: =IF(AND(B5<>"",I5="Có"),B5,"") -> Whipping cream | M5: Bao bì | O5: kg
A6: NL003 | B6: Đường | C6: Nguyên liệu | D6: Bịch | E6: 1 | F6: kg | G6: 22000 | H6: =IF(B6="","",IFERROR(IF(SUMIFS('Nhập hàng'!$J$4:$J$503,'Nhập hàng'!$C$4:$C$503,A6)>0,SUMIFS('Nhập hàng'!$K$4:$K$503,'Nhập hàng'!$C$4:$C$503,A6)/SUMIFS('Nhập hàng'!$J$4:$J$503,'Nhập hàng'!$C$4:$C$503,A6),G6/E6),0)) -> 25333.333 | I6: Có | K6: =IF(AND(B6<>"",I6="Có"),B6,"") -> Đường | O6: gram
A7: BB001 | B7: Ly size M | C7: Bao bì | D7: Lốc | E7: 50 | F7: cái | G7: 15000 | H7: =IF(B7="","",IFERROR(IF(SUMIFS('Nhập hàng'!$J$4:$J$503,'Nhập hàng'!$C$4:$C$503,A7)>0,SUMIFS('Nhập hàng'!$K$4:$K$503,'Nhập hàng'!$C$4:$C$503,A7)/SUMIFS('Nhập hàng'!$J$4:$J$503,'Nhập hàng'!$C$4:$C$503,A7),G7/E7),0)) -> 300 | I7: Có | J7: Chưa có giá riêng | K7: =IF(AND(B7<>"",I7="Có"),B7,"") -> Ly size M | O7: cái
A8: BB002 | B8: Nắp size M | C8: Bao bì | D8: Bịch | E8: 50 | F8: cái | G8: 12000 | H8: =IF(B8="","",IFERROR(IF(SUMIFS('Nhập hàng'!$J$4:$J$503,'Nhập hàng'!$C$4:$C$503,A8)>0,SUMIFS('Nhập hàng'!$K$4:$K$503,'Nhập hàng'!$C$4:$C$503,A8)/SUMIFS('Nhập hàng'!$J$4:$J$503,'Nhập hàng'!$C$4:$C$503,A8),G8/E8),0)) -> 240 | I8: Có | J8: Chưa có giá riêng | K8: =IF(AND(B8<>"",I8="Có"),B8,"") -> Nắp size M | O8: cuộn
A9: BB003 | B9: Ly size L | C9: Bao bì | D9: Lốc | E9: 50 | F9: cái | G9: 22000 | H9: =IF(B9="","",IFERROR(IF(SUMIFS('Nhập hàng'!$J$4:$J$503,'Nhập hàng'!$C$4:$C$503,A9)>0,SUMIFS('Nhập hàng'!$K$4:$K$503,'Nhập hàng'!$C$4:$C$503,A9)/SUMIFS('Nhập hàng'!$J$4:$J$503,'Nhập hàng'!$C$4:$C$503,A9),G9/E9),0)) -> 300 | I9: Có | J9: Chưa có giá riêng | K9: =IF(AND(B9<>"",I9="Có"),B9,"") -> Ly size L | O9: khác
A10: BB004 | B10: Nắp size L | C10: Bao bì | D10: Bịch | E10: 50 | F10: cái | G10: 12000 | H10: =IF(B10="","",IFERROR(IF(SUMIFS('Nhập hàng'!$J$4:$J$503,'Nhập hàng'!$C$4:$C$503,A10)>0,SUMIFS('Nhập hàng'!$K$4:$K$503,'Nhập hàng'!$C$4:$C$503,A10)/SUMIFS('Nhập hàng'!$J$4:$J$503,'Nhập hàng'!$C$4:$C$503,A10),G10/E10),0)) -> 240 | I10: Có | J10: Chưa có giá riêng | K10: =IF(AND(B10<>"",I10="Có"),B10,"") -> Nắp size L
A11: BB005 | B11: Ống hút | C11: Bao bì | D11: Bịch | E11: 100 | F11: cái | G11: 25000 | H11: =IF(B11="","",IFERROR(IF(SUMIFS('Nhập hàng'!$J$4:$J$503,'Nhập hàng'!$C$4:$C$503,A11)>0,SUMIFS('Nhập hàng'!$K$4:$K$503,'Nhập hàng'!$C$4:$C$503,A11)/SUMIFS('Nhập hàng'!$J$4:$J$503,'Nhập hàng'!$C$4:$C$503,A11),G11/E11),0)) -> 250 | I11: Có | J11: 1 cái/ly | K11: =IF(AND(B11<>"",I11="Có"),B11,"") -> Ống hút
A12: BB006 | B12: Muỗng | C12: Bao bì | D12: Bịch | E12: 100 | F12: cái | G12: 11000 | H12: =IF(B12="","",IFERROR(IF(SUMIFS('Nhập hàng'!$J$4:$J$503,'Nhập hàng'!$C$4:$C$503,A12)>0,SUMIFS('Nhập hàng'!$K$4:$K$503,'Nhập hàng'!$C$4:$C$503,A12)/SUMIFS('Nhập hàng'!$J$4:$J$503,'Nhập hàng'!$C$4:$C$503,A12),G12/E12),0)) -> 110 | I12: Có | J12: 1 cái/ly | K12: =IF(AND(B12<>"",I12="Có"),B12,"") -> Muỗng
A13: BB007 | B13: Túi mang đi | C13: Bao bì | D13: Bịch | E13: 100 | F13: cái | G13: 54000 | H13: =IF(B13="","",IFERROR(IF(SUMIFS('Nhập hàng'!$J$4:$J$503,'Nhập hàng'!$C$4:$C$503,A13)>0,SUMIFS('Nhập hàng'!$K$4:$K$503,'Nhập hàng'!$C$4:$C$503,A13)/SUMIFS('Nhập hàng'!$J$4:$J$503,'Nhập hàng'!$C$4:$C$503,A13),G13/E13),0)) -> 540 | I13: Có | J13: 1 cái/ly | K13: =IF(AND(B13<>"",I13="Có"),B13,"") -> Túi mang đi
A15: TP001 | B15: Oreo | C15: Topping | D15: Gói | E15: 400 | F15: gram | G15: 95000 | H15: =IF(B15="","",IFERROR(IF(SUMIFS('Nhập hàng'!$J$4:$J$503,'Nhập hàng'!$C$4:$C$503,A15)>0,SUMIFS('Nhập hàng'!$K$4:$K$503,'Nhập hàng'!$C$4:$C$503,A15)/SUMIFS('Nhập hàng'!$J$4:$J$503,'Nhập hàng'!$C$4:$C$503,A15),G15/E15),0)) -> 237.5 | I15: Có | J15: 5g/ly | K15: =IF(AND(B15<>"",I15="Có"),B15,"") -> Oreo
A16: TP002 | B16: Dừa non | C16: Topping | D16: Gói | E16: 275 | F16: gram | G16: 29000 | H16: =IF(B16="","",IFERROR(IF(SUMIFS('Nhập hàng'!$J$4:$J$503,'Nhập hàng'!$C$4:$C$503,A16)>0,SUMIFS('Nhập hàng'!$K$4:$K$503,'Nhập hàng'!$C$4:$C$503,A16)/SUMIFS('Nhập hàng'!$J$4:$J$503,'Nhập hàng'!$C$4:$C$503,A16),G16/E16),0)) -> 105.45455 | I16: Có | J16: 5g/ly | K16: =IF(AND(B16<>"",I16="Có"),B16,"") -> Dừa non
A17: TP003 | B17: Dâu giòn | C17: Topping | D17: Gói | E17: 1 | F17: kg | G17: 556100 | H17: =IF(B17="","",IFERROR(IF(SUMIFS('Nhập hàng'!$J$4:$J$503,'Nhập hàng'!$C$4:$C$503,A17)>0,SUMIFS('Nhập hàng'!$K$4:$K$503,'Nhập hàng'!$C$4:$C$503,A17)/SUMIFS('Nhập hàng'!$J$4:$J$503,'Nhập hàng'!$C$4:$C$503,A17),G17/E17),0)) -> 396000 | I17: Có | J17: 5g/ly | K17: =IF(AND(B17<>"",I17="Có"),B17,"") -> Dâu giòn
A18: TP004 | B18: Sữa chua sấy | C18: Topping | D18: Gói | E18: 1 | F18: kg | G18: 323700 | H18: =IF(B18="","",IFERROR(IF(SUMIFS('Nhập hàng'!$J$4:$J$503,'Nhập hàng'!$C$4:$C$503,A18)>0,SUMIFS('Nhập hàng'!$K$4:$K$503,'Nhập hàng'!$C$4:$C$503,A18)/SUMIFS('Nhập hàng'!$J$4:$J$503,'Nhập hàng'!$C$4:$C$503,A18),G18/E18),0)) -> 323700 | I18: Có | J18: 5g/ly | K18: =IF(AND(B18<>"",I18="Có"),B18,"") -> Sữa chua sấy
A19: TP005 | B19: Choco Ball | C19: Topping | D19: Gói | E19: 0.3 | F19: kg | G19: 107000 | H19: =IF(B19="","",IFERROR(IF(SUMIFS('Nhập hàng'!$J$4:$J$503,'Nhập hàng'!$C$4:$C$503,A19)>0,SUMIFS('Nhập hàng'!$K$4:$K$503,'Nhập hàng'!$C$4:$C$503,A19)/SUMIFS('Nhập hàng'!$J$4:$J$503,'Nhập hàng'!$C$4:$C$503,A19),G19/E19),0)) -> 285333.33 | I19: Có | J19: 5g/ly | K19: =IF(AND(B19<>"",I19="Có"),B19,"") -> Choco Ball
A20: =IF(B20="","",IF(C20="Topping","TP-",IF(C20="Bao bì","BB-","NL-"))&TEXT(ROW()-3,"000")) -> BB-017 | B20: Màng Wrap nhỏ | C20: Bao bì | D20: Cuộn | E20: 1 | F20: cuộn | G20: 19000 | H20: =IF(B20="","",IFERROR(IF(SUMIFS('Nhập hàng'!$J$4:$J$503,'Nhập hàng'!$C$4:$C$503,A20)>0,SUMIFS('Nhập hàng'!$K$4:$K$503,'Nhập hàng'!$C$4:$C$503,A20)/SUMIFS('Nhập hàng'!$J$4:$J$503,'Nhập hàng'!$C$4:$C$503,A20),G20/E20),0)) -> 19000 | I20: Có | K20: =IF(AND(B20<>"",I20="Có"),B20,"") -> Màng Wrap nhỏ
A21: =IF(B21="","",IF(C21="Topping","TP-",IF(C21="Bao bì","BB-","NL-"))&TEXT(ROW()-3,"000")) | H21: =IF(B21="","",IFERROR(IF(SUMIFS('Nhập hàng'!$J$4:$J$503,'Nhập hàng'!$C$4:$C$503,A21)>0,SUMIFS('Nhập hàng'!$K$4:$K$503,'Nhập hàng'!$C$4:$C$503,A21)/SUMIFS('Nhập hàng'!$J$4:$J$503,'Nhập hàng'!$C$4:$C$503,A21),G21/E21),0)) | K21: =IF(AND(B21<>"",I21="Có"),B21,"")
A22: =IF(B22="","",IF(C22="Topping","TP-",IF(C22="Bao bì","BB-","NL-"))&TEXT(ROW()-3,"000")) | H22: =IF(B22="","",IFERROR(IF(SUMIFS('Nhập hàng'!$J$4:$J$503,'Nhập hàng'!$C$4:$C$503,A22)>0,SUMIFS('Nhập hàng'!$K$4:$K$503,'Nhập hàng'!$C$4:$C$503,A22)/SUMIFS('Nhập hàng'!$J$4:$J$503,'Nhập hàng'!$C$4:$C$503,A22),G22/E22),0)) | K22: =IF(AND(B22<>"",I22="Có"),B22,"")
A23: =IF(B23="","",IF(C23="Topping","TP-",IF(C23="Bao bì","BB-","NL-"))&TEXT(ROW()-3,"000")) | H23: =IF(B23="","",IFERROR(IF(SUMIFS('Nhập hàng'!$J$4:$J$503,'Nhập hàng'!$C$4:$C$503,A23)>0,SUMIFS('Nhập hàng'!$K$4:$K$503,'Nhập hàng'!$C$4:$C$503,A23)/SUMIFS('Nhập hàng'!$J$4:$J$503,'Nhập hàng'!$C$4:$C$503,A23),G23/E23),0)) | K23: =IF(AND(B23<>"",I23="Có"),B23,"")
A24: =IF(B24="","",IF(C24="Topping","TP-",IF(C24="Bao bì","BB-","NL-"))&TEXT(ROW()-3,"000")) | H24: =IF(B24="","",IFERROR(IF(SUMIFS('Nhập hàng'!$J$4:$J$503,'Nhập hàng'!$C$4:$C$503,A24)>0,SUMIFS('Nhập hàng'!$K$4:$K$503,'Nhập hàng'!$C$4:$C$503,A24)/SUMIFS('Nhập hàng'!$J$4:$J$503,'Nhập hàng'!$C$4:$C$503,A24),G24/E24),0)) | K24: =IF(AND(B24<>"",I24="Có"),B24,"")
A25: =IF(B25="","",IF(C25="Topping","TP-",IF(C25="Bao bì","BB-","NL-"))&TEXT(ROW()-3,"000")) | H25: =IF(B25="","",IFERROR(IF(SUMIFS('Nhập hàng'!$J$4:$J$503,'Nhập hàng'!$C$4:$C$503,A25)>0,SUMIFS('Nhập hàng'!$K$4:$K$503,'Nhập hàng'!$C$4:$C$503,A25)/SUMIFS('Nhập hàng'!$J$4:$J$503,'Nhập hàng'!$C$4:$C$503,A25),G25/E25),0)) | K25: =IF(AND(B25<>"",I25="Có"),B25,"")
A26: =IF(B26="","",IF(C26="Topping","TP-",IF(C26="Bao bì","BB-","NL-"))&TEXT(ROW()-3,"000")) | H26: =IF(B26="","",IFERROR(IF(SUMIFS('Nhập hàng'!$J$4:$J$503,'Nhập hàng'!$C$4:$C$503,A26)>0,SUMIFS('Nhập hàng'!$K$4:$K$503,'Nhập hàng'!$C$4:$C$503,A26)/SUMIFS('Nhập hàng'!$J$4:$J$503,'Nhập hàng'!$C$4:$C$503,A26),G26/E26),0)) | K26: =IF(AND(B26<>"",I26="Có"),B26,"")
A27: =IF(B27="","",IF(C27="Topping","TP-",IF(C27="Bao bì","BB-","NL-"))&TEXT(ROW()-3,"000")) | H27: =IF(B27="","",IFERROR(IF(SUMIFS('Nhập hàng'!$J$4:$J$503,'Nhập hàng'!$C$4:$C$503,A27)>0,SUMIFS('Nhập hàng'!$K$4:$K$503,'Nhập hàng'!$C$4:$C$503,A27)/SUMIFS('Nhập hàng'!$J$4:$J$503,'Nhập hàng'!$C$4:$C$503,A27),G27/E27),0)) | K27: =IF(AND(B27<>"",I27="Có"),B27,"")
A28: =IF(B28="","",IF(C28="Topping","TP-",IF(C28="Bao bì","BB-","NL-"))&TEXT(ROW()-3,"000")) | H28: =IF(B28="","",IFERROR(IF(SUMIFS('Nhập hàng'!$J$4:$J$503,'Nhập hàng'!$C$4:$C$503,A28)>0,SUMIFS('Nhập hàng'!$K$4:$K$503,'Nhập hàng'!$C$4:$C$503,A28)/SUMIFS('Nhập hàng'!$J$4:$J$503,'Nhập hàng'!$C$4:$C$503,A28),G28/E28),0)) | K28: =IF(AND(B28<>"",I28="Có"),B28,"")
A29: =IF(B29="","",IF(C29="Topping","TP-",IF(C29="Bao bì","BB-","NL-"))&TEXT(ROW()-3,"000")) | H29: =IF(B29="","",IFERROR(IF(SUMIFS('Nhập hàng'!$J$4:$J$503,'Nhập hàng'!$C$4:$C$503,A29)>0,SUMIFS('Nhập hàng'!$K$4:$K$503,'Nhập hàng'!$C$4:$C$503,A29)/SUMIFS('Nhập hàng'!$J$4:$J$503,'Nhập hàng'!$C$4:$C$503,A29),G29/E29),0)) | K29: =IF(AND(B29<>"",I29="Có"),B29,"")
A30: =IF(B30="","",IF(C30="Topping","TP-",IF(C30="Bao bì","BB-","NL-"))&TEXT(ROW()-3,"000")) | H30: =IF(B30="","",IFERROR(IF(SUMIFS('Nhập hàng'!$J$4:$J$503,'Nhập hàng'!$C$4:$C$503,A30)>0,SUMIFS('Nhập hàng'!$K$4:$K$503,'Nhập hàng'!$C$4:$C$503,A30)/SUMIFS('Nhập hàng'!$J$4:$J$503,'Nhập hàng'!$C$4:$C$503,A30),G30/E30),0)) | K30: =IF(AND(B30<>"",I30="Có"),B30,"")
A31: =IF(B31="","",IF(C31="Topping","TP-",IF(C31="Bao bì","BB-","NL-"))&TEXT(ROW()-3,"000")) | H31: =IF(B31="","",IFERROR(IF(SUMIFS('Nhập hàng'!$J$4:$J$503,'Nhập hàng'!$C$4:$C$503,A31)>0,SUMIFS('Nhập hàng'!$K$4:$K$503,'Nhập hàng'!$C$4:$C$503,A31)/SUMIFS('Nhập hàng'!$J$4:$J$503,'Nhập hàng'!$C$4:$C$503,A31),G31/E31),0)) | K31: =IF(AND(B31<>"",I31="Có"),B31,"")
A32: =IF(B32="","",IF(C32="Topping","TP-",IF(C32="Bao bì","BB-","NL-"))&TEXT(ROW()-3,"000")) | H32: =IF(B32="","",IFERROR(IF(SUMIFS('Nhập hàng'!$J$4:$J$503,'Nhập hàng'!$C$4:$C$503,A32)>0,SUMIFS('Nhập hàng'!$K$4:$K$503,'Nhập hàng'!$C$4:$C$503,A32)/SUMIFS('Nhập hàng'!$J$4:$J$503,'Nhập hàng'!$C$4:$C$503,A32),G32/E32),0)) | K32: =IF(AND(B32<>"",I32="Có"),B32,"")
... A203: =IF(B203="","",IF(C203="Topping","TP-",IF(C203="Bao bì","BB-","NL-"))&TEXT(ROW()-3,"000")) | H203: =IF(B203="","",IFERROR(IF(SUMIFS('Nhập hàng'!$J$4:$J$503,'Nhập hàng'!$C$4:$C$503,A203)>0,SUMIFS('Nhập hàng'!$K$4:$K$503,'Nhập hàng'!$C$4:$C$503,A203)/SUMIFS('Nhập hàng'!$J$4:$J$503,'Nhập hàng'!$C$4:$C$503,A203),G203/E203),0)) | K203: =IF(AND(B203<>"",I203="Có"),B203,"")

Sheet Mẻ sữa
A1: MẺ SỮA LINH ĐỘNG — MỖI MẺ CÓ CÔNG THỨC RIÊNG
A2: Tạo tên mẻ mới khi đổi công thức. Chi tiết nguyên liệu nằm ở bảng phía bên phải. | AA2: DS tên mẻ | AB2: DS tên hàng
A3: Ngày nấu | B3: Mã mẻ | C3: Tên mẻ / công thức | D3: Thành phẩm thực tế (L) | E3: Thời gian nấu (giờ) | F3: Công suất bếp (kW) | G3: Giá điện (đ/kWh) | H3: Điện khác (đ) | I3: Nước/vệ sinh (đ) | J3: Cost nguyên liệu (đ) | K3: Cost điện (đ) | L3: Tổng cost mẻ (đ) | M3: Cost/lít (đ) | N3: Cost/ml (đ) | O3: Cost 400ml (đ) | P3: Cost 550ml (đ) | Q3: Ghi chú | T3: Tên mẻ dùng xem cost | U3: Mẻ test 15L | AA3: =IF(C4<>"",C4,"") -> Mẻ test 15L | AB3: =IF('Hàng hóa'!K4<>"",'Hàng hóa'!K4,"") -> Sữa tươi
B4: =IF(C4="","","ME-"&TEXT(ROW()-3,"000")) -> ME-001 | C4: Mẻ test 15L | D4: 16 | E4: 1.5 | F4: =IF(C4="","",'Thiết lập'!$B$4) -> 2 | G4: =IF(C4="","",'Thiết lập'!$B$5) -> 3000 | H4: =IF(C4="","",'Thiết lập'!$B$6) -> 0 | I4: =IF(C4="","",'Thiết lập'!$B$7) -> 5000 | J4: =IF(C4="",0,SUMIFS($X$11:$X$510,$R$11:$R$510,C4)) -> 460483.33 | K4: =IF(C4="",0,E4*F4*G4+H4) -> 9000 | L4: =IF(C4="",0,J4+K4+I4) -> 474483.33 | M4: =IFERROR(L4/D4,0) -> 29655.208 | N4: =IFERROR(L4/(D4*1000),0) -> 29.655208 | O4: =N4*400 -> 11862.083 | P4: =N4*550 -> 16310.365 | Q4: 15L sữa + 1L whipping + 700g đường | T4: Mã mẻ | U4: {=IFERROR(INDEX($B$4:$B$203,MATCH(U3,$C$4:$C$203,0)),"")} -> ME-001 | AA4: =IF(C5<>"",C5,"") -> Mẻ test 6L | AB4: =IF('Hàng hóa'!K5<>"",'Hàng hóa'!K5,"") -> Whipping cream
B5: =IF(C5="","","ME-"&TEXT(ROW()-3,"000")) -> ME-002 | C5: Mẻ test 6L | D5: 6.2 | E5: 1.5 | F5: =IF(C5="","",'Thiết lập'!$B$4) -> 2 | G5: =IF(C5="","",'Thiết lập'!$B$5) -> 3000 | H5: =IF(C5="","",'Thiết lập'!$B$6) -> 0 | I5: =IF(C5="","",'Thiết lập'!$B$7) -> 5000 | J5: =IF(C5="",0,SUMIFS($X$11:$X$510,$R$11:$R$510,C5)) -> 15955633 | K5: =IF(C5="",0,E5*F5*G5+H5) -> 9000 | L5: =IF(C5="",0,J5+K5+I5) -> 15969633 | M5: =IFERROR(L5/D5,0) -> 2575747.3 | N5: =IFERROR(L5/(D5*1000),0) -> 2575.7473 | O5: =N5*400 -> 1030298.9 | P5: =N5*550 -> 1416661 | Q5: 6L sữa + 200ml whipping + 400g đường | T5: Cost/ml áp dụng | U5: {=IFERROR(INDEX($N$4:$N$203,MATCH(U3,$C$4:$C$203,0)),0)} -> 29.655208 | AA5: =IF(C6<>"",C6,"") | AB5: =IF('Hàng hóa'!K6<>"",'Hàng hóa'!K6,"") -> Đường
B6: =IF(C6="","","ME-"&TEXT(ROW()-3,"000")) | F6: =IF(C6="","",'Thiết lập'!$B$4) | G6: =IF(C6="","",'Thiết lập'!$B$5) | H6: =IF(C6="","",'Thiết lập'!$B$6) | I6: =IF(C6="","",'Thiết lập'!$B$7) | J6: =IF(C6="",0,SUMIFS($X$11:$X$510,$R$11:$R$510,C6)) -> 0 | K6: =IF(C6="",0,E6*F6*G6+H6) -> 0 | L6: =IF(C6="",0,J6+K6+I6) -> 0 | M6: =IFERROR(L6/D6,0) -> 0 | N6: =IFERROR(L6/(D6*1000),0) -> 0 | O6: =N6*400 -> 0 | P6: =N6*550 -> 0 | T6: Cost 500ml | U6: =U5*500 -> 14827.604 | AA6: =IF(C7<>"",C7,"") | AB6: =IF('Hàng hóa'!K7<>"",'Hàng hóa'!K7,"") -> Ly size M
B7: =IF(C7="","","ME-"&TEXT(ROW()-3,"000")) | F7: =IF(C7="","",'Thiết lập'!$B$4) | G7: =IF(C7="","",'Thiết lập'!$B$5) | H7: =IF(C7="","",'Thiết lập'!$B$6) | I7: =IF(C7="","",'Thiết lập'!$B$7) | J7: =IF(C7="",0,SUMIFS($X$11:$X$510,$R$11:$R$510,C7)) -> 0 | K7: =IF(C7="",0,E7*F7*G7+H7) -> 0 | L7: =IF(C7="",0,J7+K7+I7) -> 0 | M7: =IFERROR(L7/D7,0) -> 0 | N7: =IFERROR(L7/(D7*1000),0) -> 0 | O7: =N7*400 -> 0 | P7: =N7*550 -> 0 | T7: Cost 650ml | U7: =U5*650 -> 19275.885 | AA7: =IF(C8<>"",C8,"") | AB7: =IF('Hàng hóa'!K8<>"",'Hàng hóa'!K8,"") -> Nắp size M
B8: =IF(C8="","","ME-"&TEXT(ROW()-3,"000")) | F8: =IF(C8="","",'Thiết lập'!$B$4) | G8: =IF(C8="","",'Thiết lập'!$B$5) | H8: =IF(C8="","",'Thiết lập'!$B$6) | I8: =IF(C8="","",'Thiết lập'!$B$7) | J8: =IF(C8="",0,SUMIFS($X$11:$X$510,$R$11:$R$510,C8)) -> 0 | K8: =IF(C8="",0,E8*F8*G8+H8) -> 0 | L8: =IF(C8="",0,J8+K8+I8) -> 0 | M8: =IFERROR(L8/D8,0) -> 0 | N8: =IFERROR(L8/(D8*1000),0) -> 0 | O8: =N8*400 -> 0 | P8: =N8*550 -> 0 | T8: Cost/ml bình quân | U8: =IFERROR(SUM($L$4:$L$203)/(SUM($D$4:$D$203)*1000),0) -> 740.72598 | AA8: =IF(C9<>"",C9,"") | AB8: =IF('Hàng hóa'!K9<>"",'Hàng hóa'!K9,"") -> Ly size L
B9: =IF(C9="","","ME-"&TEXT(ROW()-3,"000")) | F9: =IF(C9="","",'Thiết lập'!$B$4) | G9: =IF(C9="","",'Thiết lập'!$B$5) | H9: =IF(C9="","",'Thiết lập'!$B$6) | I9: =IF(C9="","",'Thiết lập'!$B$7) | J9: =IF(C9="",0,SUMIFS($X$11:$X$510,$R$11:$R$510,C9)) -> 0 | K9: =IF(C9="",0,E9*F9*G9+H9) -> 0 | L9: =IF(C9="",0,J9+K9+I9) -> 0 | M9: =IFERROR(L9/D9,0) -> 0 | N9: =IFERROR(L9/(D9*1000),0) -> 0 | O9: =N9*400 -> 0 | P9: =N9*550 -> 0 | AA9: =IF(C10<>"",C10,"") | AB9: =IF('Hàng hóa'!K10<>"",'Hàng hóa'!K10,"") -> Nắp size L
B10: =IF(C10="","","ME-"&TEXT(ROW()-3,"000")) | F10: =IF(C10="","",'Thiết lập'!$B$4) | G10: =IF(C10="","",'Thiết lập'!$B$5) | H10: =IF(C10="","",'Thiết lập'!$B$6) | I10: =IF(C10="","",'Thiết lập'!$B$7) | J10: =IF(C10="",0,SUMIFS($X$11:$X$510,$R$11:$R$510,C10)) -> 0 | K10: =IF(C10="",0,E10*F10*G10+H10) -> 0 | L10: =IF(C10="",0,J10+K10+I10) -> 0 | M10: =IFERROR(L10/D10,0) -> 0 | N10: =IFERROR(L10/(D10*1000),0) -> 0 | O10: =N10*400 -> 0 | P10: =N10*550 -> 0 | R10: CHI TIẾT NGUYÊN LIỆU TỪNG MẺ — THÊM DÒNG Ở ĐÂY | AA10: =IF(C11<>"",C11,"") | AB10: =IF('Hàng hóa'!K11<>"",'Hàng hóa'!K11,"") -> Ống hút
B11: =IF(C11="","","ME-"&TEXT(ROW()-3,"000")) | F11: =IF(C11="","",'Thiết lập'!$B$4) | G11: =IF(C11="","",'Thiết lập'!$B$5) | H11: =IF(C11="","",'Thiết lập'!$B$6) | I11: =IF(C11="","",'Thiết lập'!$B$7) | J11: =IF(C11="",0,SUMIFS($X$11:$X$510,$R$11:$R$510,C11)) -> 0 | K11: =IF(C11="",0,E11*F11*G11+H11) -> 0 | L11: =IF(C11="",0,J11+K11+I11) -> 0 | M11: =IFERROR(L11/D11,0) -> 0 | N11: =IFERROR(L11/(D11*1000),0) -> 0 | O11: =N11*400 -> 0 | P11: =N11*550 -> 0 | R11: Tên mẻ | S11: Mã mẻ | T11: Tên nguyên liệu | U11: Số lượng dùng | V11: Đơn vị | W11: Giá vốn/đơn vị (đ) | X11: Thành tiền (đ) | Y11: Ghi chú | AA11: =IF(C12<>"",C12,"") | AB11: =IF('Hàng hóa'!K12<>"",'Hàng hóa'!K12,"") -> Muỗng
B12: =IF(C12="","","ME-"&TEXT(ROW()-3,"000")) | F12: =IF(C12="","",'Thiết lập'!$B$4) | G12: =IF(C12="","",'Thiết lập'!$B$5) | H12: =IF(C12="","",'Thiết lập'!$B$6) | I12: =IF(C12="","",'Thiết lập'!$B$7) | J12: =IF(C12="",0,SUMIFS($X$11:$X$510,$R$11:$R$510,C12)) -> 0 | K12: =IF(C12="",0,E12*F12*G12+H12) -> 0 | L12: =IF(C12="",0,J12+K12+I12) -> 0 | M12: =IFERROR(L12/D12,0) -> 0 | N12: =IFERROR(L12/(D12*1000),0) -> 0 | O12: =N12*400 -> 0 | P12: =N12*550 -> 0 | R12: Mẻ test 15L | T12: Sữa tươi | U12: 15 | V12: {=IFERROR(INDEX('Hàng hóa'!$F$4:$F$203,MATCH(T12,'Hàng hóa'!$B$4:$B$203,0)),"")} -> lít | W12: {=IFERROR(INDEX('Hàng hóa'!$H$4:$H$203,MATCH(T12,'Hàng hóa'!$B$4:$B$203,0)),0)} -> 24250 | X12: =IF(OR(R12="",T12="",U12=""),0,U12*W12) -> 363750 | AA12: =IF(C13<>"",C13,"") | AB12: =IF('Hàng hóa'!K13<>"",'Hàng hóa'!K13,"") -> Túi mang đi
B13: =IF(C13="","","ME-"&TEXT(ROW()-3,"000")) | F13: =IF(C13="","",'Thiết lập'!$B$4) | G13: =IF(C13="","",'Thiết lập'!$B$5) | H13: =IF(C13="","",'Thiết lập'!$B$6) | I13: =IF(C13="","",'Thiết lập'!$B$7) | J13: =IF(C13="",0,SUMIFS($X$11:$X$510,$R$11:$R$510,C13)) -> 0 | K13: =IF(C13="",0,E13*F13*G13+H13) -> 0 | L13: =IF(C13="",0,J13+K13+I13) -> 0 | M13: =IFERROR(L13/D13,0) -> 0 | N13: =IFERROR(L13/(D13*1000),0) -> 0 | O13: =N13*400 -> 0 | P13: =N13*550 -> 0 | R13: Mẻ test 15L | T13: Whipping cream | U13: 1 | V13: {=IFERROR(INDEX('Hàng hóa'!$F$4:$F$203,MATCH(T13,'Hàng hóa'!$B$4:$B$203,0)),"")} -> lít | W13: {=IFERROR(INDEX('Hàng hóa'!$H$4:$H$203,MATCH(T13,'Hàng hóa'!$B$4:$B$203,0)),0)} -> 79000 | X13: =IF(OR(R13="",T13="",U13=""),0,U13*W13) -> 79000 | AA13: =IF(C14<>"",C14,"") | AB13: =IF('Hàng hóa'!K14<>"",'Hàng hóa'!K14,"")
B14: =IF(C14="","","ME-"&TEXT(ROW()-3,"000")) | F14: =IF(C14="","",'Thiết lập'!$B$4) | G14: =IF(C14="","",'Thiết lập'!$B$5) | H14: =IF(C14="","",'Thiết lập'!$B$6) | I14: =IF(C14="","",'Thiết lập'!$B$7) | J14: =IF(C14="",0,SUMIFS($X$11:$X$510,$R$11:$R$510,C14)) -> 0 | K14: =IF(C14="",0,E14*F14*G14+H14) -> 0 | L14: =IF(C14="",0,J14+K14+I14) -> 0 | M14: =IFERROR(L14/D14,0) -> 0 | N14: =IFERROR(L14/(D14*1000),0) -> 0 | O14: =N14*400 -> 0 | P14: =N14*550 -> 0 | R14: Mẻ test 15L | T14: Đường | U14: 0.7 | V14: {=IFERROR(INDEX('Hàng hóa'!$F$4:$F$203,MATCH(T14,'Hàng hóa'!$B$4:$B$203,0)),"")} -> kg | W14: {=IFERROR(INDEX('Hàng hóa'!$H$4:$H$203,MATCH(T14,'Hàng hóa'!$B$4:$B$203,0)),0)} -> 25333.333 | X14: =IF(OR(R14="",T14="",U14=""),0,U14*W14) -> 17733.333 | AA14: =IF(C15<>"",C15,"") | AB14: =IF('Hàng hóa'!K15<>"",'Hàng hóa'!K15,"") -> Oreo
B15: =IF(C15="","","ME-"&TEXT(ROW()-3,"000")) | F15: =IF(C15="","",'Thiết lập'!$B$4) | G15: =IF(C15="","",'Thiết lập'!$B$5) | H15: =IF(C15="","",'Thiết lập'!$B$6) | I15: =IF(C15="","",'Thiết lập'!$B$7) | J15: =IF(C15="",0,SUMIFS($X$11:$X$510,$R$11:$R$510,C15)) -> 0 | K15: =IF(C15="",0,E15*F15*G15+H15) -> 0 | L15: =IF(C15="",0,J15+K15+I15) -> 0 | M15: =IFERROR(L15/D15,0) -> 0 | N15: =IFERROR(L15/(D15*1000),0) -> 0 | O15: =N15*400 -> 0 | P15: =N15*550 -> 0 | R15: Mẻ test 6L | T15: Sữa tươi | U15: 6 | V15: {=IFERROR(INDEX('Hàng hóa'!$F$4:$F$203,MATCH(T15,'Hàng hóa'!$B$4:$B$203,0)),"")} -> lít | W15: {=IFERROR(INDEX('Hàng hóa'!$H$4:$H$203,MATCH(T15,'Hàng hóa'!$B$4:$B$203,0)),0)} -> 24250 | X15: =IF(OR(R15="",T15="",U15=""),0,U15*W15) -> 145500 | AA15: =IF(C16<>"",C16,"") | AB15: =IF('Hàng hóa'!K16<>"",'Hàng hóa'!K16,"") -> Dừa non
B16: =IF(C16="","","ME-"&TEXT(ROW()-3,"000")) | F16: =IF(C16="","",'Thiết lập'!$B$4) | G16: =IF(C16="","",'Thiết lập'!$B$5) | H16: =IF(C16="","",'Thiết lập'!$B$6) | I16: =IF(C16="","",'Thiết lập'!$B$7) | J16: =IF(C16="",0,SUMIFS($X$11:$X$510,$R$11:$R$510,C16)) -> 0 | K16: =IF(C16="",0,E16*F16*G16+H16) -> 0 | L16: =IF(C16="",0,J16+K16+I16) -> 0 | M16: =IFERROR(L16/D16,0) -> 0 | N16: =IFERROR(L16/(D16*1000),0) -> 0 | O16: =N16*400 -> 0 | P16: =N16*550 -> 0 | R16: Mẻ test 6L | T16: Whipping cream | U16: 200 | V16: {=IFERROR(INDEX('Hàng hóa'!$F$4:$F$203,MATCH(T16,'Hàng hóa'!$B$4:$B$203,0)),"")} -> lít | W16: {=IFERROR(INDEX('Hàng hóa'!$H$4:$H$203,MATCH(T16,'Hàng hóa'!$B$4:$B$203,0)),0)} -> 79000 | X16: =IF(OR(R16="",T16="",U16=""),0,U16*W16) -> 15800000 | AA16: =IF(C17<>"",C17,"") | AB16: =IF('Hàng hóa'!K17<>"",'Hàng hóa'!K17,"") -> Dâu giòn
B17: =IF(C17="","","ME-"&TEXT(ROW()-3,"000")) | F17: =IF(C17="","",'Thiết lập'!$B$4) | G17: =IF(C17="","",'Thiết lập'!$B$5) | H17: =IF(C17="","",'Thiết lập'!$B$6) | I17: =IF(C17="","",'Thiết lập'!$B$7) | J17: =IF(C17="",0,SUMIFS($X$11:$X$510,$R$11:$R$510,C17)) -> 0 | K17: =IF(C17="",0,E17*F17*G17+H17) -> 0 | L17: =IF(C17="",0,J17+K17+I17) -> 0 | M17: =IFERROR(L17/D17,0) -> 0 | N17: =IFERROR(L17/(D17*1000),0) -> 0 | O17: =N17*400 -> 0 | P17: =N17*550 -> 0 | R17: Mẻ test 6L | T17: Đường | U17: 0.4 | V17: {=IFERROR(INDEX('Hàng hóa'!$F$4:$F$203,MATCH(T17,'Hàng hóa'!$B$4:$B$203,0)),"")} -> kg | W17: {=IFERROR(INDEX('Hàng hóa'!$H$4:$H$203,MATCH(T17,'Hàng hóa'!$B$4:$B$203,0)),0)} -> 25333.333 | X17: =IF(OR(R17="",T17="",U17=""),0,U17*W17) -> 10133.333 | AA17: =IF(C18<>"",C18,"") | AB17: =IF('Hàng hóa'!K18<>"",'Hàng hóa'!K18,"") -> Sữa chua sấy
B18: =IF(C18="","","ME-"&TEXT(ROW()-3,"000")) | F18: =IF(C18="","",'Thiết lập'!$B$4) | G18: =IF(C18="","",'Thiết lập'!$B$5) | H18: =IF(C18="","",'Thiết lập'!$B$6) | I18: =IF(C18="","",'Thiết lập'!$B$7) | J18: =IF(C18="",0,SUMIFS($X$11:$X$510,$R$11:$R$510,C18)) -> 0 | K18: =IF(C18="",0,E18*F18*G18+H18) -> 0 | L18: =IF(C18="",0,J18+K18+I18) -> 0 | M18: =IFERROR(L18/D18,0) -> 0 | N18: =IFERROR(L18/(D18*1000),0) -> 0 | O18: =N18*400 -> 0 | P18: =N18*550 -> 0 | S18: =IFERROR(INDEX($B$4:$B$203,MATCH(R18,$C$4:$C$203,0)),"") | V18: {=IFERROR(INDEX('Hàng hóa'!$F$4:$F$203,MATCH(T18,'Hàng hóa'!$B$4:$B$203,0)),"")} | W18: {=IFERROR(INDEX('Hàng hóa'!$H$4:$H$203,MATCH(T18,'Hàng hóa'!$B$4:$B$203,0)),0)} -> 0 | X18: =IF(OR(R18="",T18="",U18=""),0,U18*W18) -> 0 | AA18: =IF(C19<>"",C19,"") | AB18: =IF('Hàng hóa'!K19<>"",'Hàng hóa'!K19,"") -> Choco Ball
B19: =IF(C19="","","ME-"&TEXT(ROW()-3,"000")) | F19: =IF(C19="","",'Thiết lập'!$B$4) | G19: =IF(C19="","",'Thiết lập'!$B$5) | H19: =IF(C19="","",'Thiết lập'!$B$6) | I19: =IF(C19="","",'Thiết lập'!$B$7) | J19: =IF(C19="",0,SUMIFS($X$11:$X$510,$R$11:$R$510,C19)) -> 0 | K19: =IF(C19="",0,E19*F19*G19+H19) -> 0 | L19: =IF(C19="",0,J19+K19+I19) -> 0 | M19: =IFERROR(L19/D19,0) -> 0 | N19: =IFERROR(L19/(D19*1000),0) -> 0 | O19: =N19*400 -> 0 | P19: =N19*550 -> 0 | S19: =IFERROR(INDEX($B$4:$B$203,MATCH(R19,$C$4:$C$203,0)),"") | V19: {=IFERROR(INDEX('Hàng hóa'!$F$4:$F$203,MATCH(T19,'Hàng hóa'!$B$4:$B$203,0)),"")} | W19: {=IFERROR(INDEX('Hàng hóa'!$H$4:$H$203,MATCH(T19,'Hàng hóa'!$B$4:$B$203,0)),0)} -> 0 | X19: =IF(OR(R19="",T19="",U19=""),0,U19*W19) -> 0 | AA19: =IF(C20<>"",C20,"") | AB19: =IF('Hàng hóa'!K20<>"",'Hàng hóa'!K20,"") -> Màng Wrap nhỏ
B20: =IF(C20="","","ME-"&TEXT(ROW()-3,"000")) | F20: =IF(C20="","",'Thiết lập'!$B$4) | G20: =IF(C20="","",'Thiết lập'!$B$5) | H20: =IF(C20="","",'Thiết lập'!$B$6) | I20: =IF(C20="","",'Thiết lập'!$B$7) | J20: =IF(C20="",0,SUMIFS($X$11:$X$510,$R$11:$R$510,C20)) -> 0 | K20: =IF(C20="",0,E20*F20*G20+H20) -> 0 | L20: =IF(C20="",0,J20+K20+I20) -> 0 | M20: =IFERROR(L20/D20,0) -> 0 | N20: =IFERROR(L20/(D20*1000),0) -> 0 | O20: =N20*500 -> 0 | P20: =N20*550 -> 0 | S20: =IFERROR(INDEX($B$4:$B$203,MATCH(R20,$C$4:$C$203,0)),"") | V20: {=IFERROR(INDEX('Hàng hóa'!$F$4:$F$203,MATCH(T20,'Hàng hóa'!$B$4:$B$203,0)),"")} | W20: {=IFERROR(INDEX('Hàng hóa'!$H$4:$H$203,MATCH(T20,'Hàng hóa'!$B$4:$B$203,0)),0)} -> 0 | X20: =IF(OR(R20="",T20="",U20=""),0,U20*W20) -> 0 | AA20: =IF(C21<>"",C21,"") | AB20: =IF('Hàng hóa'!K21<>"",'Hàng hóa'!K21,"")
B21: =IF(C21="","","ME-"&TEXT(ROW()-3,"000")) | F21: =IF(C21="","",'Thiết lập'!$B$4) | G21: =IF(C21="","",'Thiết lập'!$B$5) | H21: =IF(C21="","",'Thiết lập'!$B$6) | I21: =IF(C21="","",'Thiết lập'!$B$7) | J21: =IF(C21="",0,SUMIFS($X$11:$X$510,$R$11:$R$510,C21)) -> 0 | K21: =IF(C21="",0,E21*F21*G21+H21) -> 0 | L21: =IF(C21="",0,J21+K21+I21) -> 0 | M21: =IFERROR(L21/D21,0) -> 0 | N21: =IFERROR(L21/(D21*1000),0) -> 0 | O21: =N21*500 -> 0 | P21: =N21*650 -> 0 | S21: =IFERROR(INDEX($B$4:$B$203,MATCH(R21,$C$4:$C$203,0)),"") | V21: {=IFERROR(INDEX('Hàng hóa'!$F$4:$F$203,MATCH(T21,'Hàng hóa'!$B$4:$B$203,0)),"")} | W21: {=IFERROR(INDEX('Hàng hóa'!$H$4:$H$203,MATCH(T21,'Hàng hóa'!$B$4:$B$203,0)),0)} -> 0 | X21: =IF(OR(R21="",T21="",U21=""),0,U21*W21) -> 0 | AA21: =IF(C22<>"",C22,"") | AB21: =IF('Hàng hóa'!K22<>"",'Hàng hóa'!K22,"")
B22: =IF(C22="","","ME-"&TEXT(ROW()-3,"000")) | F22: =IF(C22="","",'Thiết lập'!$B$4) | G22: =IF(C22="","",'Thiết lập'!$B$5) | H22: =IF(C22="","",'Thiết lập'!$B$6) | I22: =IF(C22="","",'Thiết lập'!$B$7) | J22: =IF(C22="",0,SUMIFS($X$11:$X$510,$R$11:$R$510,C22)) -> 0 | K22: =IF(C22="",0,E22*F22*G22+H22) -> 0 | L22: =IF(C22="",0,J22+K22+I22) -> 0 | M22: =IFERROR(L22/D22,0) -> 0 | N22: =IFERROR(L22/(D22*1000),0) -> 0 | O22: =N22*500 -> 0 | P22: =N22*650 -> 0 | S22: =IFERROR(INDEX($B$4:$B$203,MATCH(R22,$C$4:$C$203,0)),"") | V22: {=IFERROR(INDEX('Hàng hóa'!$F$4:$F$203,MATCH(T22,'Hàng hóa'!$B$4:$B$203,0)),"")} | W22: {=IFERROR(INDEX('Hàng hóa'!$H$4:$H$203,MATCH(T22,'Hàng hóa'!$B$4:$B$203,0)),0)} -> 0 | X22: =IF(OR(R22="",T22="",U22=""),0,U22*W22) -> 0 | AA22: =IF(C23<>"",C23,"") | AB22: =IF('Hàng hóa'!K23<>"",'Hàng hóa'!K23,"")
B23: =IF(C23="","","ME-"&TEXT(ROW()-3,"000")) | F23: =IF(C23="","",'Thiết lập'!$B$4) | G23: =IF(C23="","",'Thiết lập'!$B$5) | H23: =IF(C23="","",'Thiết lập'!$B$6) | I23: =IF(C23="","",'Thiết lập'!$B$7) | J23: =IF(C23="",0,SUMIFS($X$11:$X$510,$R$11:$R$510,C23)) -> 0 | K23: =IF(C23="",0,E23*F23*G23+H23) -> 0 | L23: =IF(C23="",0,J23+K23+I23) -> 0 | M23: =IFERROR(L23/D23,0) -> 0 | N23: =IFERROR(L23/(D23*1000),0) -> 0 | O23: =N23*500 -> 0 | P23: =N23*650 -> 0 | S23: =IFERROR(INDEX($B$4:$B$203,MATCH(R23,$C$4:$C$203,0)),"") | V23: {=IFERROR(INDEX('Hàng hóa'!$F$4:$F$203,MATCH(T23,'Hàng hóa'!$B$4:$B$203,0)),"")} | W23: {=IFERROR(INDEX('Hàng hóa'!$H$4:$H$203,MATCH(T23,'Hàng hóa'!$B$4:$B$203,0)),0)} -> 0 | X23: =IF(OR(R23="",T23="",U23=""),0,U23*W23) -> 0 | AA23: =IF(C24<>"",C24,"") | AB23: =IF('Hàng hóa'!K24<>"",'Hàng hóa'!K24,"")
B24: =IF(C24="","","ME-"&TEXT(ROW()-3,"000")) | F24: =IF(C24="","",'Thiết lập'!$B$4) | G24: =IF(C24="","",'Thiết lập'!$B$5) | H24: =IF(C24="","",'Thiết lập'!$B$6) | I24: =IF(C24="","",'Thiết lập'!$B$7) | J24: =IF(C24="",0,SUMIFS($X$11:$X$510,$R$11:$R$510,C24)) -> 0 | K24: =IF(C24="",0,E24*F24*G24+H24) -> 0 | L24: =IF(C24="",0,J24+K24+I24) -> 0 | M24: =IFERROR(L24/D24,0) -> 0 | N24: =IFERROR(L24/(D24*1000),0) -> 0 | O24: =N24*500 -> 0 | P24: =N24*650 -> 0 | S24: =IFERROR(INDEX($B$4:$B$203,MATCH(R24,$C$4:$C$203,0)),"") | V24: {=IFERROR(INDEX('Hàng hóa'!$F$4:$F$203,MATCH(T24,'Hàng hóa'!$B$4:$B$203,0)),"")} | W24: {=IFERROR(INDEX('Hàng hóa'!$H$4:$H$203,MATCH(T24,'Hàng hóa'!$B$4:$B$203,0)),0)} -> 0 | X24: =IF(OR(R24="",T24="",U24=""),0,U24*W24) -> 0 | AA24: =IF(C25<>"",C25,"") | AB24: =IF('Hàng hóa'!K25<>"",'Hàng hóa'!K25,"")
B25: =IF(C25="","","ME-"&TEXT(ROW()-3,"000")) | F25: =IF(C25="","",'Thiết lập'!$B$4) | G25: =IF(C25="","",'Thiết lập'!$B$5) | H25: =IF(C25="","",'Thiết lập'!$B$6) | I25: =IF(C25="","",'Thiết lập'!$B$7) | J25: =IF(C25="",0,SUMIFS($X$11:$X$510,$R$11:$R$510,C25)) -> 0 | K25: =IF(C25="",0,E25*F25*G25+H25) -> 0 | L25: =IF(C25="",0,J25+K25+I25) -> 0 | M25: =IFERROR(L25/D25,0) -> 0 | N25: =IFERROR(L25/(D25*1000),0) -> 0 | O25: =N25*500 -> 0 | P25: =N25*650 -> 0 | S25: =IFERROR(INDEX($B$4:$B$203,MATCH(R25,$C$4:$C$203,0)),"") | V25: {=IFERROR(INDEX('Hàng hóa'!$F$4:$F$203,MATCH(T25,'Hàng hóa'!$B$4:$B$203,0)),"")} | W25: {=IFERROR(INDEX('Hàng hóa'!$H$4:$H$203,MATCH(T25,'Hàng hóa'!$B$4:$B$203,0)),0)} -> 0 | X25: =IF(OR(R25="",T25="",U25=""),0,U25*W25) -> 0 | AA25: =IF(C26<>"",C26,"") | AB25: =IF('Hàng hóa'!K26<>"",'Hàng hóa'!K26,"")
B26: =IF(C26="","","ME-"&TEXT(ROW()-3,"000")) | F26: =IF(C26="","",'Thiết lập'!$B$4) | G26: =IF(C26="","",'Thiết lập'!$B$5) | H26: =IF(C26="","",'Thiết lập'!$B$6) | I26: =IF(C26="","",'Thiết lập'!$B$7) | J26: =IF(C26="",0,SUMIFS($X$11:$X$510,$R$11:$R$510,C26)) -> 0 | K26: =IF(C26="",0,E26*F26*G26+H26) -> 0 | L26: =IF(C26="",0,J26+K26+I26) -> 0 | M26: =IFERROR(L26/D26,0) -> 0 | N26: =IFERROR(L26/(D26*1000),0) -> 0 | O26: =N26*500 -> 0 | P26: =N26*650 -> 0 | S26: =IFERROR(INDEX($B$4:$B$203,MATCH(R26,$C$4:$C$203,0)),"") | V26: {=IFERROR(INDEX('Hàng hóa'!$F$4:$F$203,MATCH(T26,'Hàng hóa'!$B$4:$B$203,0)),"")} | W26: {=IFERROR(INDEX('Hàng hóa'!$H$4:$H$203,MATCH(T26,'Hàng hóa'!$B$4:$B$203,0)),0)} -> 0 | X26: =IF(OR(R26="",T26="",U26=""),0,U26*W26) -> 0 | AA26: =IF(C27<>"",C27,"") | AB26: =IF('Hàng hóa'!K27<>"",'Hàng hóa'!K27,"")
B27: =IF(C27="","","ME-"&TEXT(ROW()-3,"000")) | F27: =IF(C27="","",'Thiết lập'!$B$4) | G27: =IF(C27="","",'Thiết lập'!$B$5) | H27: =IF(C27="","",'Thiết lập'!$B$6) | I27: =IF(C27="","",'Thiết lập'!$B$7) | J27: =IF(C27="",0,SUMIFS($X$11:$X$510,$R$11:$R$510,C27)) -> 0 | K27: =IF(C27="",0,E27*F27*G27+H27) -> 0 | L27: =IF(C27="",0,J27+K27+I27) -> 0 | M27: =IFERROR(L27/D27,0) -> 0 | N27: =IFERROR(L27/(D27*1000),0) -> 0 | O27: =N27*500 -> 0 | P27: =N27*650 -> 0 | S27: =IFERROR(INDEX($B$4:$B$203,MATCH(R27,$C$4:$C$203,0)),"") | V27: {=IFERROR(INDEX('Hàng hóa'!$F$4:$F$203,MATCH(T27,'Hàng hóa'!$B$4:$B$203,0)),"")} | W27: {=IFERROR(INDEX('Hàng hóa'!$H$4:$H$203,MATCH(T27,'Hàng hóa'!$B$4:$B$203,0)),0)} -> 0 | X27: =IF(OR(R27="",T27="",U27=""),0,U27*W27) -> 0 | AA27: =IF(C28<>"",C28,"") | AB27: =IF('Hàng hóa'!K28<>"",'Hàng hóa'!K28,"")
B28: =IF(C28="","","ME-"&TEXT(ROW()-3,"000")) | F28: =IF(C28="","",'Thiết lập'!$B$4) | G28: =IF(C28="","",'Thiết lập'!$B$5) | H28: =IF(C28="","",'Thiết lập'!$B$6) | I28: =IF(C28="","",'Thiết lập'!$B$7) | J28: =IF(C28="",0,SUMIFS($X$11:$X$510,$R$11:$R$510,C28)) -> 0 | K28: =IF(C28="",0,E28*F28*G28+H28) -> 0 | L28: =IF(C28="",0,J28+K28+I28) -> 0 | M28: =IFERROR(L28/D28,0) -> 0 | N28: =IFERROR(L28/(D28*1000),0) -> 0 | O28: =N28*500 -> 0 | P28: =N28*650 -> 0 | S28: =IFERROR(INDEX($B$4:$B$203,MATCH(R28,$C$4:$C$203,0)),"") | V28: {=IFERROR(INDEX('Hàng hóa'!$F$4:$F$203,MATCH(T28,'Hàng hóa'!$B$4:$B$203,0)),"")} | W28: {=IFERROR(INDEX('Hàng hóa'!$H$4:$H$203,MATCH(T28,'Hàng hóa'!$B$4:$B$203,0)),0)} -> 0 | X28: =IF(OR(R28="",T28="",U28=""),0,U28*W28) -> 0 | AA28: =IF(C29<>"",C29,"") | AB28: =IF('Hàng hóa'!K29<>"",'Hàng hóa'!K29,"")
B29: =IF(C29="","","ME-"&TEXT(ROW()-3,"000")) | F29: =IF(C29="","",'Thiết lập'!$B$4) | G29: =IF(C29="","",'Thiết lập'!$B$5) | H29: =IF(C29="","",'Thiết lập'!$B$6) | I29: =IF(C29="","",'Thiết lập'!$B$7) | J29: =IF(C29="",0,SUMIFS($X$11:$X$510,$R$11:$R$510,C29)) -> 0 | K29: =IF(C29="",0,E29*F29*G29+H29) -> 0 | L29: =IF(C29="",0,J29+K29+I29) -> 0 | M29: =IFERROR(L29/D29,0) -> 0 | N29: =IFERROR(L29/(D29*1000),0) -> 0 | O29: =N29*500 -> 0 | P29: =N29*650 -> 0 | S29: =IFERROR(INDEX($B$4:$B$203,MATCH(R29,$C$4:$C$203,0)),"") | V29: {=IFERROR(INDEX('Hàng hóa'!$F$4:$F$203,MATCH(T29,'Hàng hóa'!$B$4:$B$203,0)),"")} | W29: {=IFERROR(INDEX('Hàng hóa'!$H$4:$H$203,MATCH(T29,'Hàng hóa'!$B$4:$B$203,0)),0)} -> 0 | X29: =IF(OR(R29="",T29="",U29=""),0,U29*W29) -> 0 | AA29: =IF(C30<>"",C30,"") | AB29: =IF('Hàng hóa'!K30<>"",'Hàng hóa'!K30,"")
B30: =IF(C30="","","ME-"&TEXT(ROW()-3,"000")) | F30: =IF(C30="","",'Thiết lập'!$B$4) | G30: =IF(C30="","",'Thiết lập'!$B$5) | H30: =IF(C30="","",'Thiết lập'!$B$6) | I30: =IF(C30="","",'Thiết lập'!$B$7) | J30: =IF(C30="",0,SUMIFS($X$11:$X$510,$R$11:$R$510,C30)) -> 0 | K30: =IF(C30="",0,E30*F30*G30+H30) -> 0 | L30: =IF(C30="",0,J30+K30+I30) -> 0 | M30: =IFERROR(L30/D30,0) -> 0 | N30: =IFERROR(L30/(D30*1000),0) -> 0 | O30: =N30*500 -> 0 | P30: =N30*650 -> 0 | S30: =IFERROR(INDEX($B$4:$B$203,MATCH(R30,$C$4:$C$203,0)),"") | V30: {=IFERROR(INDEX('Hàng hóa'!$F$4:$F$203,MATCH(T30,'Hàng hóa'!$B$4:$B$203,0)),"")} | W30: {=IFERROR(INDEX('Hàng hóa'!$H$4:$H$203,MATCH(T30,'Hàng hóa'!$B$4:$B$203,0)),0)} -> 0 | X30: =IF(OR(R30="",T30="",U30=""),0,U30*W30) -> 0 | AA30: =IF(C31<>"",C31,"") | AB30: =IF('Hàng hóa'!K31<>"",'Hàng hóa'!K31,"")
B31: =IF(C31="","","ME-"&TEXT(ROW()-3,"000")) | F31: =IF(C31="","",'Thiết lập'!$B$4) | G31: =IF(C31="","",'Thiết lập'!$B$5) | H31: =IF(C31="","",'Thiết lập'!$B$6) | I31: =IF(C31="","",'Thiết lập'!$B$7) | J31: =IF(C31="",0,SUMIFS($X$11:$X$510,$R$11:$R$510,C31)) -> 0 | K31: =IF(C31="",0,E31*F31*G31+H31) -> 0 | L31: =IF(C31="",0,J31+K31+I31) -> 0 | M31: =IFERROR(L31/D31,0) -> 0 | N31: =IFERROR(L31/(D31*1000),0) -> 0 | O31: =N31*500 -> 0 | P31: =N31*650 -> 0 | S31: =IFERROR(INDEX($B$4:$B$203,MATCH(R31,$C$4:$C$203,0)),"") | V31: {=IFERROR(INDEX('Hàng hóa'!$F$4:$F$203,MATCH(T31,'Hàng hóa'!$B$4:$B$203,0)),"")} | W31: {=IFERROR(INDEX('Hàng hóa'!$H$4:$H$203,MATCH(T31,'Hàng hóa'!$B$4:$B$203,0)),0)} -> 0 | X31: =IF(OR(R31="",T31="",U31=""),0,U31*W31) -> 0 | AA31: =IF(C32<>"",C32,"") | AB31: =IF('Hàng hóa'!K32<>"",'Hàng hóa'!K32,"")
B32: =IF(C32="","","ME-"&TEXT(ROW()-3,"000")) | F32: =IF(C32="","",'Thiết lập'!$B$4) | G32: =IF(C32="","",'Thiết lập'!$B$5) | H32: =IF(C32="","",'Thiết lập'!$B$6) | I32: =IF(C32="","",'Thiết lập'!$B$7) | J32: =IF(C32="",0,SUMIFS($X$11:$X$510,$R$11:$R$510,C32)) -> 0 | K32: =IF(C32="",0,E32*F32*G32+H32) -> 0 | L32: =IF(C32="",0,J32+K32+I32) -> 0 | M32: =IFERROR(L32/D32,0) -> 0 | N32: =IFERROR(L32/(D32*1000),0) -> 0 | O32: =N32*500 -> 0 | P32: =N32*650 -> 0 | S32: =IFERROR(INDEX($B$4:$B$203,MATCH(R32,$C$4:$C$203,0)),"") | V32: {=IFERROR(INDEX('Hàng hóa'!$F$4:$F$203,MATCH(T32,'Hàng hóa'!$B$4:$B$203,0)),"")} | W32: {=IFERROR(INDEX('Hàng hóa'!$H$4:$H$203,MATCH(T32,'Hàng hóa'!$B$4:$B$203,0)),0)} -> 0 | X32: =IF(OR(R32="",T32="",U32=""),0,U32*W32) -> 0 | AA32: =IF(C33<>"",C33,"") | AB32: =IF('Hàng hóa'!K33<>"",'Hàng hóa'!K33,"")
... B202: =IF(C202="","","ME-"&TEXT(ROW()-3,"000")) | F202: =IF(C202="","",'Thiết lập'!$B$4) | G202: =IF(C202="","",'Thiết lập'!$B$5) | H202: =IF(C202="","",'Thiết lập'!$B$6) | I202: =IF(C202="","",'Thiết lập'!$B$7) | J202: =IF(C202="",0,SUMIFS($X$11:$X$510,$R$11:$R$510,C202)) -> 0 | K202: =IF(C202="",0,E202*F202*G202+H202) -> 0 | L202: =IF(C202="",0,J202+K202+I202) -> 0 | M202: =IFERROR(L202/D202,0) -> 0 | N202: =IFERROR(L202/(D202*1000),0) -> 0 | O202: =N202*500 -> 0 | P202: =N202*650 -> 0 | S202: =IFERROR(INDEX($B$4:$B$203,MATCH(R202,$C$4:$C$203,0)),"") | V202: {=IFERROR(INDEX('Hàng hóa'!$F$4:$F$203,MATCH(T202,'Hàng hóa'!$B$4:$B$203,0)),"")} | W202: {=IFERROR(INDEX('Hàng hóa'!$H$4:$H$203,MATCH(T202,'Hàng hóa'!$B$4:$B$203,0)),0)} -> 0 | X202: =IF(OR(R202="",T202="",U202=""),0,U202*W202) -> 0 | AA202: =IF(C203<>"",C203,"") | AB202: =IF('Hàng hóa'!K203<>"",'Hàng hóa'!K203,"")
B203: =IF(C203="","","ME-"&TEXT(ROW()-3,"000")) | F203: =IF(C203="","",'Thiết lập'!$B$4) | G203: =IF(C203="","",'Thiết lập'!$B$5) | H203: =IF(C203="","",'Thiết lập'!$B$6) | I203: =IF(C203="","",'Thiết lập'!$B$7) | J203: =IF(C203="",0,SUMIFS($X$11:$X$510,$R$11:$R$510,C203)) -> 0 | K203: =IF(C203="",0,E203*F203*G203+H203) -> 0 | L203: =IF(C203="",0,J203+K203+I203) -> 0 | M203: =IFERROR(L203/D203,0) -> 0 | N203: =IFERROR(L203/(D203*1000),0) -> 0 | O203: =N203*500 -> 0 | P203: =N203*650 -> 0 | S203: =IFERROR(INDEX($B$4:$B$203,MATCH(R203,$C$4:$C$203,0)),"") | V203: {=IFERROR(INDEX('Hàng hóa'!$F$4:$F$203,MATCH(T203,'Hàng hóa'!$B$4:$B$203,0)),"")} | W203: {=IFERROR(INDEX('Hàng hóa'!$H$4:$H$203,MATCH(T203,'Hàng hóa'!$B$4:$B$203,0)),0)} -> 0 | X203: =IF(OR(R203="",T203="",U203=""),0,U203*W203) -> 0
S204: =IFERROR(INDEX($B$4:$B$203,MATCH(R204,$C$4:$C$203,0)),"") | V204: {=IFERROR(INDEX('Hàng hóa'!$F$4:$F$203,MATCH(T204,'Hàng hóa'!$B$4:$B$203,0)),"")} | W204: {=IFERROR(INDEX('Hàng hóa'!$H$4:$H$203,MATCH(T204,'Hàng hóa'!$B$4:$B$203,0)),0)} -> 0 | X204: =IF(OR(R204="",T204="",U204=""),0,U204*W204) -> 0
S205: =IFERROR(INDEX($B$4:$B$203,MATCH(R205,$C$4:$C$203,0)),"") | V205: {=IFERROR(INDEX('Hàng hóa'!$F$4:$F$203,MATCH(T205,'Hàng hóa'!$B$4:$B$203,0)),"")} | W205: {=IFERROR(INDEX('Hàng hóa'!$H$4:$H$203,MATCH(T205,'Hàng hóa'!$B$4:$B$203,0)),0)} -> 0 | X205: =IF(OR(R205="",T205="",U205=""),0,U205*W205) -> 0
S206: =IFERROR(INDEX($B$4:$B$203,MATCH(R206,$C$4:$C$203,0)),"") | V206: {=IFERROR(INDEX('Hàng hóa'!$F$4:$F$203,MATCH(T206,'Hàng hóa'!$B$4:$B$203,0)),"")} | W206: {=IFERROR(INDEX('Hàng hóa'!$H$4:$H$203,MATCH(T206,'Hàng hóa'!$B$4:$B$203,0)),0)} -> 0 | X206: =IF(OR(R206="",T206="",U206=""),0,U206*W206) -> 0
S207: =IFERROR(INDEX($B$4:$B$203,MATCH(R207,$C$4:$C$203,0)),"") | V207: {=IFERROR(INDEX('Hàng hóa'!$F$4:$F$203,MATCH(T207,'Hàng hóa'!$B$4:$B$203,0)),"")} | W207: {=IFERROR(INDEX('Hàng hóa'!$H$4:$H$203,MATCH(T207,'Hàng hóa'!$B$4:$B$203,0)),0)} -> 0 | X207: =IF(OR(R207="",T207="",U207=""),0,U207*W207) -> 0
S208: =IFERROR(INDEX($B$4:$B$203,MATCH(R208,$C$4:$C$203,0)),"") | V208: {=IFERROR(INDEX('Hàng hóa'!$F$4:$F$203,MATCH(T208,'Hàng hóa'!$B$4:$B$203,0)),"")} | W208: {=IFERROR(INDEX('Hàng hóa'!$H$4:$H$203,MATCH(T208,'Hàng hóa'!$B$4:$B$203,0)),0)} -> 0 | X208: =IF(OR(R208="",T208="",U208=""),0,U208*W208) -> 0
S209: =IFERROR(INDEX($B$4:$B$203,MATCH(R209,$C$4:$C$203,0)),"") | V209: {=IFERROR(INDEX('Hàng hóa'!$F$4:$F$203,MATCH(T209,'Hàng hóa'!$B$4:$B$203,0)),"")} | W209: {=IFERROR(INDEX('Hàng hóa'!$H$4:$H$203,MATCH(T209,'Hàng hóa'!$B$4:$B$203,0)),0)} -> 0 | X209: =IF(OR(R209="",T209="",U209=""),0,U209*W209) -> 0
S210: =IFERROR(INDEX($B$4:$B$203,MATCH(R210,$C$4:$C$203,0)),"") | V210: {=IFERROR(INDEX('Hàng hóa'!$F$4:$F$203,MATCH(T210,'Hàng hóa'!$B$4:$B$203,0)),"")} | W210: {=IFERROR(INDEX('Hàng hóa'!$H$4:$H$203,MATCH(T210,'Hàng hóa'!$B$4:$B$203,0)),0)} -> 0 | X210: =IF(OR(R210="",T210="",U210=""),0,U210*W210) -> 0
S211: =IFERROR(INDEX($B$4:$B$203,MATCH(R211,$C$4:$C$203,0)),"") | V211: {=IFERROR(INDEX('Hàng hóa'!$F$4:$F$203,MATCH(T211,'Hàng hóa'!$B$4:$B$203,0)),"")} | W211: {=IFERROR(INDEX('Hàng hóa'!$H$4:$H$203,MATCH(T211,'Hàng hóa'!$B$4:$B$203,0)),0)} -> 0 | X211: =IF(OR(R211="",T211="",U211=""),0,U211*W211) -> 0
S212: =IFERROR(INDEX($B$4:$B$203,MATCH(R212,$C$4:$C$203,0)),"") | V212: {=IFERROR(INDEX('Hàng hóa'!$F$4:$F$203,MATCH(T212,'Hàng hóa'!$B$4:$B$203,0)),"")} | W212: {=IFERROR(INDEX('Hàng hóa'!$H$4:$H$203,MATCH(T212,'Hàng hóa'!$B$4:$B$203,0)),0)} -> 0 | X212: =IF(OR(R212="",T212="",U212=""),0,U212*W212) -> 0
S213: =IFERROR(INDEX($B$4:$B$203,MATCH(R213,$C$4:$C$203,0)),"") | V213: {=IFERROR(INDEX('Hàng hóa'!$F$4:$F$203,MATCH(T213,'Hàng hóa'!$B$4:$B$203,0)),"")} | W213: {=IFERROR(INDEX('Hàng hóa'!$H$4:$H$203,MATCH(T213,'Hàng hóa'!$B$4:$B$203,0)),0)} -> 0 | X213: =IF(OR(R213="",T213="",U213=""),0,U213*W213) -> 0
S214: =IFERROR(INDEX($B$4:$B$203,MATCH(R214,$C$4:$C$203,0)),"") | V214: {=IFERROR(INDEX('Hàng hóa'!$F$4:$F$203,MATCH(T214,'Hàng hóa'!$B$4:$B$203,0)),"")} | W214: {=IFERROR(INDEX('Hàng hóa'!$H$4:$H$203,MATCH(T214,'Hàng hóa'!$B$4:$B$203,0)),0)} -> 0 | X214: =IF(OR(R214="",T214="",U214=""),0,U214*W214) -> 0
S215: =IFERROR(INDEX($B$4:$B$203,MATCH(R215,$C$4:$C$203,0)),"") | V215: {=IFERROR(INDEX('Hàng hóa'!$F$4:$F$203,MATCH(T215,'Hàng hóa'!$B$4:$B$203,0)),"")} | W215: {=IFERROR(INDEX('Hàng hóa'!$H$4:$H$203,MATCH(T215,'Hàng hóa'!$B$4:$B$203,0)),0)} -> 0 | X215: =IF(OR(R215="",T215="",U215=""),0,U215*W215) -> 0
... S510: =IFERROR(INDEX($B$4:$B$203,MATCH(R510,$C$4:$C$203,0)),"") | V510: {=IFERROR(INDEX('Hàng hóa'!$F$4:$F$203,MATCH(T510,'Hàng hóa'!$B$4:$B$203,0)),"")} | W510: {=IFERROR(INDEX('Hàng hóa'!$H$4:$H$203,MATCH(T510,'Hàng hóa'!$B$4:$B$203,0)),0)} -> 0 | X510: =IF(OR(R510="",T510="",U510=""),0,U510*W510) -> 0

Sheet Nhập hàng
A1: NHẬP HÀNG — QUẢN LÝ TIỀN MUA VÀ GIÁ VỐN
A2: Chọn tên hàng, nhập số gói và giá thực tế. Không quản lý tồn kho. | O2: DS tên hàng
A3: Ngày nhập | B3: Tên hàng | C3: Mã nội bộ | D3: Nhóm | E3: Số gói mua | F3: Quy cách/gói | G3: Đơn vị cost | H3: Giá tham khảo/gói | I3: Giá thực tế/gói | J3: Tổng lượng quy đổi | K3: Tổng tiền | L3: Nhà cung cấp | M3: Ghi chú | O3: =IF('Hàng hóa'!K4<>"",'Hàng hóa'!K4,"") -> Sữa tươi
A4: 46224 | B4: Sữa tươi | C4: {=IFERROR(INDEX('Hàng hóa'!$A$4:$A$203,MATCH(B4,'Hàng hóa'!$B$4:$B$203,0)),"")} -> NL001 | D4: {=IFERROR(INDEX('Hàng hóa'!$C$4:$C$203,MATCH(B4,'Hàng hóa'!$B$4:$B$203,0)),"")} -> Nguyên liệu | E4: 20 | F4: {=IFERROR(INDEX('Hàng hóa'!$E$4:$E$203,MATCH(B4,'Hàng hóa'!$B$4:$B$203,0)),0)} -> 1 | G4: {=IFERROR(INDEX('Hàng hóa'!$F$4:$F$203,MATCH(B4,'Hàng hóa'!$B$4:$B$203,0)),"")} -> lít | H4: {=IFERROR(INDEX('Hàng hóa'!$G$4:$G$203,MATCH(B4,'Hàng hóa'!$B$4:$B$203,0)),0)} -> 25000 | I4: 25000 | J4: =IF(OR(B4="",E4=""),0,E4*F4) -> 20 | K4: =IF(OR(B4="",E4=""),0,E4*IF(I4>0,I4,H4)) -> 500000 | O4: =IF('Hàng hóa'!K5<>"",'Hàng hóa'!K5,"") -> Whipping cream
A5: 46223 | B5: Whipping cream | C5: {=IFERROR(INDEX('Hàng hóa'!$A$4:$A$203,MATCH(B5,'Hàng hóa'!$B$4:$B$203,0)),"")} -> NL002 | D5: {=IFERROR(INDEX('Hàng hóa'!$C$4:$C$203,MATCH(B5,'Hàng hóa'!$B$4:$B$203,0)),"")} -> Nguyên liệu | E5: 2 | F5: {=IFERROR(INDEX('Hàng hóa'!$E$4:$E$203,MATCH(B5,'Hàng hóa'!$B$4:$B$203,0)),0)} -> 1 | G5: {=IFERROR(INDEX('Hàng hóa'!$F$4:$F$203,MATCH(B5,'Hàng hóa'!$B$4:$B$203,0)),"")} -> lít | H5: {=IFERROR(INDEX('Hàng hóa'!$G$4:$G$203,MATCH(B5,'Hàng hóa'!$B$4:$B$203,0)),0)} -> 158000 | I5: 79000 | J5: =IF(OR(B5="",E5=""),0,E5*F5) -> 2 | K5: =IF(OR(B5="",E5=""),0,E5*IF(I5>0,I5,H5)) -> 158000 | O5: =IF('Hàng hóa'!K6<>"",'Hàng hóa'!K6,"") -> Đường
A6: 46224 | B6: Đường | C6: {=IFERROR(INDEX('Hàng hóa'!$A$4:$A$203,MATCH(B6,'Hàng hóa'!$B$4:$B$203,0)),"")} -> NL003 | D6: {=IFERROR(INDEX('Hàng hóa'!$C$4:$C$203,MATCH(B6,'Hàng hóa'!$B$4:$B$203,0)),"")} -> Nguyên liệu | E6: 3 | F6: {=IFERROR(INDEX('Hàng hóa'!$E$4:$E$203,MATCH(B6,'Hàng hóa'!$B$4:$B$203,0)),0)} -> 1 | G6: {=IFERROR(INDEX('Hàng hóa'!$F$4:$F$203,MATCH(B6,'Hàng hóa'!$B$4:$B$203,0)),"")} -> kg | H6: {=IFERROR(INDEX('Hàng hóa'!$G$4:$G$203,MATCH(B6,'Hàng hóa'!$B$4:$B$203,0)),0)} -> 22000 | I6: 22000 | J6: =IF(OR(B6="",E6=""),0,E6*F6) -> 3 | K6: =IF(OR(B6="",E6=""),0,E6*IF(I6>0,I6,H6)) -> 66000 | O6: =IF('Hàng hóa'!K7<>"",'Hàng hóa'!K7,"") -> Ly size M
A7: 46224 | B7: Ly size M | C7: {=IFERROR(INDEX('Hàng hóa'!$A$4:$A$203,MATCH(B7,'Hàng hóa'!$B$4:$B$203,0)),"")} -> BB001 | D7: {=IFERROR(INDEX('Hàng hóa'!$C$4:$C$203,MATCH(B7,'Hàng hóa'!$B$4:$B$203,0)),"")} -> Bao bì | E7: 1 | F7: {=IFERROR(INDEX('Hàng hóa'!$E$4:$E$203,MATCH(B7,'Hàng hóa'!$B$4:$B$203,0)),0)} -> 50 | G7: {=IFERROR(INDEX('Hàng hóa'!$F$4:$F$203,MATCH(B7,'Hàng hóa'!$B$4:$B$203,0)),"")} -> cái | H7: {=IFERROR(INDEX('Hàng hóa'!$G$4:$G$203,MATCH(B7,'Hàng hóa'!$B$4:$B$203,0)),0)} -> 15000 | I7: 15000 | J7: =IF(OR(B7="",E7=""),0,E7*F7) -> 50 | K7: =IF(OR(B7="",E7=""),0,E7*IF(I7>0,I7,H7)) -> 15000 | O7: =IF('Hàng hóa'!K8<>"",'Hàng hóa'!K8,"") -> Nắp size M
A8: 46224 | B8: Nắp size M | C8: {=IFERROR(INDEX('Hàng hóa'!$A$4:$A$203,MATCH(B8,'Hàng hóa'!$B$4:$B$203,0)),"")} -> BB002 | D8: {=IFERROR(INDEX('Hàng hóa'!$C$4:$C$203,MATCH(B8,'Hàng hóa'!$B$4:$B$203,0)),"")} -> Bao bì | E8: 1 | F8: {=IFERROR(INDEX('Hàng hóa'!$E$4:$E$203,MATCH(B8,'Hàng hóa'!$B$4:$B$203,0)),0)} -> 50 | G8: {=IFERROR(INDEX('Hàng hóa'!$F$4:$F$203,MATCH(B8,'Hàng hóa'!$B$4:$B$203,0)),"")} -> cái | H8: {=IFERROR(INDEX('Hàng hóa'!$G$4:$G$203,MATCH(B8,'Hàng hóa'!$B$4:$B$203,0)),0)} -> 12000 | I8: 12000 | J8: =IF(OR(B8="",E8=""),0,E8*F8) -> 50 | K8: =IF(OR(B8="",E8=""),0,E8*IF(I8>0,I8,H8)) -> 12000 | O8: =IF('Hàng hóa'!K9<>"",'Hàng hóa'!K9,"") -> Ly size L
A9: 46224 | B9: Ly size L | C9: {=IFERROR(INDEX('Hàng hóa'!$A$4:$A$203,MATCH(B9,'Hàng hóa'!$B$4:$B$203,0)),"")} -> BB003 | D9: {=IFERROR(INDEX('Hàng hóa'!$C$4:$C$203,MATCH(B9,'Hàng hóa'!$B$4:$B$203,0)),"")} -> Bao bì | E9: 1 | F9: {=IFERROR(INDEX('Hàng hóa'!$E$4:$E$203,MATCH(B9,'Hàng hóa'!$B$4:$B$203,0)),0)} -> 50 | G9: {=IFERROR(INDEX('Hàng hóa'!$F$4:$F$203,MATCH(B9,'Hàng hóa'!$B$4:$B$203,0)),"")} -> cái | H9: {=IFERROR(INDEX('Hàng hóa'!$G$4:$G$203,MATCH(B9,'Hàng hóa'!$B$4:$B$203,0)),0)} -> 22000 | I9: 15000 | J9: =IF(OR(B9="",E9=""),0,E9*F9) -> 50 | K9: =IF(OR(B9="",E9=""),0,E9*IF(I9>0,I9,H9)) -> 15000 | O9: =IF('Hàng hóa'!K10<>"",'Hàng hóa'!K10,"") -> Nắp size L
A10: 46224 | B10: Nắp size L | C10: {=IFERROR(INDEX('Hàng hóa'!$A$4:$A$203,MATCH(B10,'Hàng hóa'!$B$4:$B$203,0)),"")} -> BB004 | D10: {=IFERROR(INDEX('Hàng hóa'!$C$4:$C$203,MATCH(B10,'Hàng hóa'!$B$4:$B$203,0)),"")} -> Bao bì | E10: 1 | F10: {=IFERROR(INDEX('Hàng hóa'!$E$4:$E$203,MATCH(B10,'Hàng hóa'!$B$4:$B$203,0)),0)} -> 50 | G10: {=IFERROR(INDEX('Hàng hóa'!$F$4:$F$203,MATCH(B10,'Hàng hóa'!$B$4:$B$203,0)),"")} -> cái | H10: {=IFERROR(INDEX('Hàng hóa'!$G$4:$G$203,MATCH(B10,'Hàng hóa'!$B$4:$B$203,0)),0)} -> 12000 | I10: 12000 | J10: =IF(OR(B10="",E10=""),0,E10*F10) -> 50 | K10: =IF(OR(B10="",E10=""),0,E10*IF(I10>0,I10,H10)) -> 12000 | O10: =IF('Hàng hóa'!K11<>"",'Hàng hóa'!K11,"") -> Ống hút
A11: 46224 | B11: Ống hút | C11: {=IFERROR(INDEX('Hàng hóa'!$A$4:$A$203,MATCH(B11,'Hàng hóa'!$B$4:$B$203,0)),"")} -> BB005 | D11: {=IFERROR(INDEX('Hàng hóa'!$C$4:$C$203,MATCH(B11,'Hàng hóa'!$B$4:$B$203,0)),"")} -> Bao bì | E11: 1 | F11: {=IFERROR(INDEX('Hàng hóa'!$E$4:$E$203,MATCH(B11,'Hàng hóa'!$B$4:$B$203,0)),0)} -> 100 | G11: {=IFERROR(INDEX('Hàng hóa'!$F$4:$F$203,MATCH(B11,'Hàng hóa'!$B$4:$B$203,0)),"")} -> cái | H11: {=IFERROR(INDEX('Hàng hóa'!$G$4:$G$203,MATCH(B11,'Hàng hóa'!$B$4:$B$203,0)),0)} -> 25000 | I11: 25000 | J11: =IF(OR(B11="",E11=""),0,E11*F11) -> 100 | K11: =IF(OR(B11="",E11=""),0,E11*IF(I11>0,I11,H11)) -> 25000 | O11: =IF('Hàng hóa'!K12<>"",'Hàng hóa'!K12,"") -> Muỗng
A12: 46224 | B12: Muỗng | C12: {=IFERROR(INDEX('Hàng hóa'!$A$4:$A$203,MATCH(B12,'Hàng hóa'!$B$4:$B$203,0)),"")} -> BB006 | D12: {=IFERROR(INDEX('Hàng hóa'!$C$4:$C$203,MATCH(B12,'Hàng hóa'!$B$4:$B$203,0)),"")} -> Bao bì | E12: 1 | F12: {=IFERROR(INDEX('Hàng hóa'!$E$4:$E$203,MATCH(B12,'Hàng hóa'!$B$4:$B$203,0)),0)} -> 100 | G12: {=IFERROR(INDEX('Hàng hóa'!$F$4:$F$203,MATCH(B12,'Hàng hóa'!$B$4:$B$203,0)),"")} -> cái | H12: {=IFERROR(INDEX('Hàng hóa'!$G$4:$G$203,MATCH(B12,'Hàng hóa'!$B$4:$B$203,0)),0)} -> 11000 | I12: 11000 | J12: =IF(OR(B12="",E12=""),0,E12*F12) -> 100 | K12: =IF(OR(B12="",E12=""),0,E12*IF(I12>0,I12,H12)) -> 11000 | O12: =IF('Hàng hóa'!K13<>"",'Hàng hóa'!K13,"") -> Túi mang đi
A13: 46224 | B13: Túi mang đi | C13: {=IFERROR(INDEX('Hàng hóa'!$A$4:$A$203,MATCH(B13,'Hàng hóa'!$B$4:$B$203,0)),"")} -> BB007 | D13: {=IFERROR(INDEX('Hàng hóa'!$C$4:$C$203,MATCH(B13,'Hàng hóa'!$B$4:$B$203,0)),"")} -> Bao bì | E13: 1 | F13: {=IFERROR(INDEX('Hàng hóa'!$E$4:$E$203,MATCH(B13,'Hàng hóa'!$B$4:$B$203,0)),0)} -> 100 | G13: {=IFERROR(INDEX('Hàng hóa'!$F$4:$F$203,MATCH(B13,'Hàng hóa'!$B$4:$B$203,0)),"")} -> cái | H13: {=IFERROR(INDEX('Hàng hóa'!$G$4:$G$203,MATCH(B13,'Hàng hóa'!$B$4:$B$203,0)),0)} -> 54000 | I13: 54000 | J13: =IF(OR(B13="",E13=""),0,E13*F13) -> 100 | K13: =IF(OR(B13="",E13=""),0,E13*IF(I13>0,I13,H13)) -> 54000 | O13: =IF('Hàng hóa'!K14<>"",'Hàng hóa'!K14,"")
A14: 46225 | B14: Đường | C14: {=IFERROR(INDEX('Hàng hóa'!$A$4:$A$203,MATCH(B14,'Hàng hóa'!$B$4:$B$203,0)),"")} -> NL003 | D14: {=IFERROR(INDEX('Hàng hóa'!$C$4:$C$203,MATCH(B14,'Hàng hóa'!$B$4:$B$203,0)),"")} -> Nguyên liệu | E14: 6 | F14: {=IFERROR(INDEX('Hàng hóa'!$E$4:$E$203,MATCH(B14,'Hàng hóa'!$B$4:$B$203,0)),0)} -> 1 | G14: {=IFERROR(INDEX('Hàng hóa'!$F$4:$F$203,MATCH(B14,'Hàng hóa'!$B$4:$B$203,0)),"")} -> kg | H14: {=IFERROR(INDEX('Hàng hóa'!$G$4:$G$203,MATCH(B14,'Hàng hóa'!$B$4:$B$203,0)),0)} -> 22000 | I14: 27000 | J14: =IF(OR(B14="",E14=""),0,E14*F14) -> 6 | K14: =IF(OR(B14="",E14=""),0,E14*IF(I14>0,I14,H14)) -> 162000 | O14: =IF('Hàng hóa'!K15<>"",'Hàng hóa'!K15,"") -> Oreo
A15: 46224 | B15: Oreo | C15: {=IFERROR(INDEX('Hàng hóa'!$A$4:$A$203,MATCH(B15,'Hàng hóa'!$B$4:$B$203,0)),"")} -> TP001 | D15: {=IFERROR(INDEX('Hàng hóa'!$C$4:$C$203,MATCH(B15,'Hàng hóa'!$B$4:$B$203,0)),"")} -> Topping | E15: 1 | F15: {=IFERROR(INDEX('Hàng hóa'!$E$4:$E$203,MATCH(B15,'Hàng hóa'!$B$4:$B$203,0)),0)} -> 400 | G15: {=IFERROR(INDEX('Hàng hóa'!$F$4:$F$203,MATCH(B15,'Hàng hóa'!$B$4:$B$203,0)),"")} -> gram | H15: {=IFERROR(INDEX('Hàng hóa'!$G$4:$G$203,MATCH(B15,'Hàng hóa'!$B$4:$B$203,0)),0)} -> 95000 | I15: 95000 | J15: =IF(OR(B15="",E15=""),0,E15*F15) -> 400 | K15: =IF(OR(B15="",E15=""),0,E15*IF(I15>0,I15,H15)) -> 95000 | O15: =IF('Hàng hóa'!K16<>"",'Hàng hóa'!K16,"") -> Dừa non
... A21: 46225 | B21: Sữa tươi | C21: {=IFERROR(INDEX('Hàng hóa'!$A$4:$A$203,MATCH(B21,'Hàng hóa'!$B$4:$B$203,0)),"")} -> NL001 | D21: {=IFERROR(INDEX('Hàng hóa'!$C$4:$C$203,MATCH(B21,'Hàng hóa'!$B$4:$B$203,0)),"")} -> Nguyên liệu | E21: 20 | F21: {=IFERROR(INDEX('Hàng hóa'!$E$4:$E$203,MATCH(B21,'Hàng hóa'!$B$4:$B$203,0)),0)} -> 1 | G21: {=IFERROR(INDEX('Hàng hóa'!$F$4:$F$203,MATCH(B21,'Hàng hóa'!$B$4:$B$203,0)),"")} -> lít | H21: {=IFERROR(INDEX('Hàng hóa'!$G$4:$G$203,MATCH(B21,'Hàng hóa'!$B$4:$B$203,0)),0)} -> 25000 | I21: 23500 | J21: =IF(OR(B21="",E21=""),0,E21*F21) -> 20 | K21: =IF(OR(B21="",E21=""),0,E21*IF(I21>0,I21,H21)) -> 470000 | O21: =IF('Hàng hóa'!K22<>"",'Hàng hóa'!K22,"")
C22: {=IFERROR(INDEX('Hàng hóa'!$A$4:$A$203,MATCH(B22,'Hàng hóa'!$B$4:$B$203,0)),"")} | D22: {=IFERROR(INDEX('Hàng hóa'!$C$4:$C$203,MATCH(B22,'Hàng hóa'!$B$4:$B$203,0)),"")} | F22: {=IFERROR(INDEX('Hàng hóa'!$E$4:$E$203,MATCH(B22,'Hàng hóa'!$B$4:$B$203,0)),0)} -> 0 | G22: {=IFERROR(INDEX('Hàng hóa'!$F$4:$F$203,MATCH(B22,'Hàng hóa'!$B$4:$B$203,0)),"")} | H22: {=IFERROR(INDEX('Hàng hóa'!$G$4:$G$203,MATCH(B22,'Hàng hóa'!$B$4:$B$203,0)),0)} -> 0 | J22: =IF(OR(B22="",E22=""),0,E22*F22) -> 0 | K22: =IF(OR(B22="",E22=""),0,E22*IF(I22>0,I22,H22)) -> 0 | O22: =IF('Hàng hóa'!K23<>"",'Hàng hóa'!K23,"")
C23: {=IFERROR(INDEX('Hàng hóa'!$A$4:$A$203,MATCH(B23,'Hàng hóa'!$B$4:$B$203,0)),"")} | D23: {=IFERROR(INDEX('Hàng hóa'!$C$4:$C$203,MATCH(B23,'Hàng hóa'!$B$4:$B$203,0)),"")} | F23: {=IFERROR(INDEX('Hàng hóa'!$E$4:$E$203,MATCH(B23,'Hàng hóa'!$B$4:$B$203,0)),0)} -> 0 | G23: {=IFERROR(INDEX('Hàng hóa'!$F$4:$F$203,MATCH(B23,'Hàng hóa'!$B$4:$B$203,0)),"")} | H23: {=IFERROR(INDEX('Hàng hóa'!$G$4:$G$203,MATCH(B23,'Hàng hóa'!$B$4:$B$203,0)),0)} -> 0 | J23: =IF(OR(B23="",E23=""),0,E23*F23) -> 0 | K23: =IF(OR(B23="",E23=""),0,E23*IF(I23>0,I23,H23)) -> 0 | O23: =IF('Hàng hóa'!K24<>"",'Hàng hóa'!K24,"")
C24: {=IFERROR(INDEX('Hàng hóa'!$A$4:$A$203,MATCH(B24,'Hàng hóa'!$B$4:$B$203,0)),"")} | D24: {=IFERROR(INDEX('Hàng hóa'!$C$4:$C$203,MATCH(B24,'Hàng hóa'!$B$4:$B$203,0)),"")} | F24: {=IFERROR(INDEX('Hàng hóa'!$E$4:$E$203,MATCH(B24,'Hàng hóa'!$B$4:$B$203,0)),0)} -> 0 | G24: {=IFERROR(INDEX('Hàng hóa'!$F$4:$F$203,MATCH(B24,'Hàng hóa'!$B$4:$B$203,0)),"")} | H24: {=IFERROR(INDEX('Hàng hóa'!$G$4:$G$203,MATCH(B24,'Hàng hóa'!$B$4:$B$203,0)),0)} -> 0 | J24: =IF(OR(B24="",E24=""),0,E24*F24) -> 0 | K24: =IF(OR(B24="",E24=""),0,E24*IF(I24>0,I24,H24)) -> 0 | O24: =IF('Hàng hóa'!K25<>"",'Hàng hóa'!K25,"")
C25: {=IFERROR(INDEX('Hàng hóa'!$A$4:$A$203,MATCH(B25,'Hàng hóa'!$B$4:$B$203,0)),"")} | D25: {=IFERROR(INDEX('Hàng hóa'!$C$4:$C$203,MATCH(B25,'Hàng hóa'!$B$4:$B$203,0)),"")} | F25: {=IFERROR(INDEX('Hàng hóa'!$E$4:$E$203,MATCH(B25,'Hàng hóa'!$B$4:$B$203,0)),0)} -> 0 | G25: {=IFERROR(INDEX('Hàng hóa'!$F$4:$F$203,MATCH(B25,'Hàng hóa'!$B$4:$B$203,0)),"")} | H25: {=IFERROR(INDEX('Hàng hóa'!$G$4:$G$203,MATCH(B25,'Hàng hóa'!$B$4:$B$203,0)),0)} -> 0 | J25: =IF(OR(B25="",E25=""),0,E25*F25) -> 0 | K25: =IF(OR(B25="",E25=""),0,E25*IF(I25>0,I25,H25)) -> 0 | O25: =IF('Hàng hóa'!K26<>"",'Hàng hóa'!K26,"")
C26: {=IFERROR(INDEX('Hàng hóa'!$A$4:$A$203,MATCH(B26,'Hàng hóa'!$B$4:$B$203,0)),"")} | D26: {=IFERROR(INDEX('Hàng hóa'!$C$4:$C$203,MATCH(B26,'Hàng hóa'!$B$4:$B$203,0)),"")} | F26: {=IFERROR(INDEX('Hàng hóa'!$E$4:$E$203,MATCH(B26,'Hàng hóa'!$B$4:$B$203,0)),0)} -> 0 | G26: {=IFERROR(INDEX('Hàng hóa'!$F$4:$F$203,MATCH(B26,'Hàng hóa'!$B$4:$B$203,0)),"")} | H26: {=IFERROR(INDEX('Hàng hóa'!$G$4:$G$203,MATCH(B26,'Hàng hóa'!$B$4:$B$203,0)),0)} -> 0 | J26: =IF(OR(B26="",E26=""),0,E26*F26) -> 0 | K26: =IF(OR(B26="",E26=""),0,E26*IF(I26>0,I26,H26)) -> 0 | O26: =IF('Hàng hóa'!K27<>"",'Hàng hóa'!K27,"")
C27: {=IFERROR(INDEX('Hàng hóa'!$A$4:$A$203,MATCH(B27,'Hàng hóa'!$B$4:$B$203,0)),"")} | D27: {=IFERROR(INDEX('Hàng hóa'!$C$4:$C$203,MATCH(B27,'Hàng hóa'!$B$4:$B$203,0)),"")} | F27: {=IFERROR(INDEX('Hàng hóa'!$E$4:$E$203,MATCH(B27,'Hàng hóa'!$B$4:$B$203,0)),0)} -> 0 | G27: {=IFERROR(INDEX('Hàng hóa'!$F$4:$F$203,MATCH(B27,'Hàng hóa'!$B$4:$B$203,0)),"")} | H27: {=IFERROR(INDEX('Hàng hóa'!$G$4:$G$203,MATCH(B27,'Hàng hóa'!$B$4:$B$203,0)),0)} -> 0 | J27: =IF(OR(B27="",E27=""),0,E27*F27) -> 0 | K27: =IF(OR(B27="",E27=""),0,E27*IF(I27>0,I27,H27)) -> 0 | O27: =IF('Hàng hóa'!K28<>"",'Hàng hóa'!K28,"")
C28: {=IFERROR(INDEX('Hàng hóa'!$A$4:$A$203,MATCH(B28,'Hàng hóa'!$B$4:$B$203,0)),"")} | D28: {=IFERROR(INDEX('Hàng hóa'!$C$4:$C$203,MATCH(B28,'Hàng hóa'!$B$4:$B$203,0)),"")} | F28: {=IFERROR(INDEX('Hàng hóa'!$E$4:$E$203,MATCH(B28,'Hàng hóa'!$B$4:$B$203,0)),0)} -> 0 | G28: {=IFERROR(INDEX('Hàng hóa'!$F$4:$F$203,MATCH(B28,'Hàng hóa'!$B$4:$B$203,0)),"")} | H28: {=IFERROR(INDEX('Hàng hóa'!$G$4:$G$203,MATCH(B28,'Hàng hóa'!$B$4:$B$203,0)),0)} -> 0 | J28: =IF(OR(B28="",E28=""),0,E28*F28) -> 0 | K28: =IF(OR(B28="",E28=""),0,E28*IF(I28>0,I28,H28)) -> 0 | O28: =IF('Hàng hóa'!K29<>"",'Hàng hóa'!K29,"")
C29: {=IFERROR(INDEX('Hàng hóa'!$A$4:$A$203,MATCH(B29,'Hàng hóa'!$B$4:$B$203,0)),"")} | D29: {=IFERROR(INDEX('Hàng hóa'!$C$4:$C$203,MATCH(B29,'Hàng hóa'!$B$4:$B$203,0)),"")} | F29: {=IFERROR(INDEX('Hàng hóa'!$E$4:$E$203,MATCH(B29,'Hàng hóa'!$B$4:$B$203,0)),0)} -> 0 | G29: {=IFERROR(INDEX('Hàng hóa'!$F$4:$F$203,MATCH(B29,'Hàng hóa'!$B$4:$B$203,0)),"")} | H29: {=IFERROR(INDEX('Hàng hóa'!$G$4:$G$203,MATCH(B29,'Hàng hóa'!$B$4:$B$203,0)),0)} -> 0 | J29: =IF(OR(B29="",E29=""),0,E29*F29) -> 0 | K29: =IF(OR(B29="",E29=""),0,E29*IF(I29>0,I29,H29)) -> 0 | O29: =IF('Hàng hóa'!K30<>"",'Hàng hóa'!K30,"")
C30: {=IFERROR(INDEX('Hàng hóa'!$A$4:$A$203,MATCH(B30,'Hàng hóa'!$B$4:$B$203,0)),"")} | D30: {=IFERROR(INDEX('Hàng hóa'!$C$4:$C$203,MATCH(B30,'Hàng hóa'!$B$4:$B$203,0)),"")} | F30: {=IFERROR(INDEX('Hàng hóa'!$E$4:$E$203,MATCH(B30,'Hàng hóa'!$B$4:$B$203,0)),0)} -> 0 | G30: {=IFERROR(INDEX('Hàng hóa'!$F$4:$F$203,MATCH(B30,'Hàng hóa'!$B$4:$B$203,0)),"")} | H30: {=IFERROR(INDEX('Hàng hóa'!$G$4:$G$203,MATCH(B30,'Hàng hóa'!$B$4:$B$203,0)),0)} -> 0 | J30: =IF(OR(B30="",E30=""),0,E30*F30) -> 0 | K30: =IF(OR(B30="",E30=""),0,E30*IF(I30>0,I30,H30)) -> 0 | O30: =IF('Hàng hóa'!K31<>"",'Hàng hóa'!K31,"")
C31: {=IFERROR(INDEX('Hàng hóa'!$A$4:$A$203,MATCH(B31,'Hàng hóa'!$B$4:$B$203,0)),"")} | D31: {=IFERROR(INDEX('Hàng hóa'!$C$4:$C$203,MATCH(B31,'Hàng hóa'!$B$4:$B$203,0)),"")} | F31: {=IFERROR(INDEX('Hàng hóa'!$E$4:$E$203,MATCH(B31,'Hàng hóa'!$B$4:$B$203,0)),0)} -> 0 | G31: {=IFERROR(INDEX('Hàng hóa'!$F$4:$F$203,MATCH(B31,'Hàng hóa'!$B$4:$B$203,0)),"")} | H31: {=IFERROR(INDEX('Hàng hóa'!$G$4:$G$203,MATCH(B31,'Hàng hóa'!$B$4:$B$203,0)),0)} -> 0 | J31: =IF(OR(B31="",E31=""),0,E31*F31) -> 0 | K31: =IF(OR(B31="",E31=""),0,E31*IF(I31>0,I31,H31)) -> 0 | O31: =IF('Hàng hóa'!K32<>"",'Hàng hóa'!K32,"")
C32: {=IFERROR(INDEX('Hàng hóa'!$A$4:$A$203,MATCH(B32,'Hàng hóa'!$B$4:$B$203,0)),"")} | D32: {=IFERROR(INDEX('Hàng hóa'!$C$4:$C$203,MATCH(B32,'Hàng hóa'!$B$4:$B$203,0)),"")} | F32: {=IFERROR(INDEX('Hàng hóa'!$E$4:$E$203,MATCH(B32,'Hàng hóa'!$B$4:$B$203,0)),0)} -> 0 | G32: {=IFERROR(INDEX('Hàng hóa'!$F$4:$F$203,MATCH(B32,'Hàng hóa'!$B$4:$B$203,0)),"")} | H32: {=IFERROR(INDEX('Hàng hóa'!$G$4:$G$203,MATCH(B32,'Hàng hóa'!$B$4:$B$203,0)),0)} -> 0 | J32: =IF(OR(B32="",E32=""),0,E32*F32) -> 0 | K32: =IF(OR(B32="",E32=""),0,E32*IF(I32>0,I32,H32)) -> 0 | O32: =IF('Hàng hóa'!K33<>"",'Hàng hóa'!K33,"")
C33: {=IFERROR(INDEX('Hàng hóa'!$A$4:$A$203,MATCH(B33,'Hàng hóa'!$B$4:$B$203,0)),"")} | D33: {=IFERROR(INDEX('Hàng hóa'!$C$4:$C$203,MATCH(B33,'Hàng hóa'!$B$4:$B$203,0)),"")} | F33: {=IFERROR(INDEX('Hàng hóa'!$E$4:$E$203,MATCH(B33,'Hàng hóa'!$B$4:$B$203,0)),0)} -> 0 | G33: {=IFERROR(INDEX('Hàng hóa'!$F$4:$F$203,MATCH(B33,'Hàng hóa'!$B$4:$B$203,0)),"")} | H33: {=IFERROR(INDEX('Hàng hóa'!$G$4:$G$203,MATCH(B33,'Hàng hóa'!$B$4:$B$203,0)),0)} -> 0 | J33: =IF(OR(B33="",E33=""),0,E33*F33) -> 0 | K33: =IF(OR(B33="",E33=""),0,E33*IF(I33>0,I33,H33)) -> 0 | O33: =IF('Hàng hóa'!K34<>"",'Hàng hóa'!K34,"")
... C202: {=IFERROR(INDEX('Hàng hóa'!$A$4:$A$203,MATCH(B202,'Hàng hóa'!$B$4:$B$203,0)),"")} | D202: {=IFERROR(INDEX('Hàng hóa'!$C$4:$C$203,MATCH(B202,'Hàng hóa'!$B$4:$B$203,0)),"")} | F202: {=IFERROR(INDEX('Hàng hóa'!$E$4:$E$203,MATCH(B202,'Hàng hóa'!$B$4:$B$203,0)),0)} -> 0 | G202: {=IFERROR(INDEX('Hàng hóa'!$F$4:$F$203,MATCH(B202,'Hàng hóa'!$B$4:$B$203,0)),"")} | H202: {=IFERROR(INDEX('Hàng hóa'!$G$4:$G$203,MATCH(B202,'Hàng hóa'!$B$4:$B$203,0)),0)} -> 0 | J202: =IF(OR(B202="",E202=""),0,E202*F202) -> 0 | K202: =IF(OR(B202="",E202=""),0,E202*IF(I202>0,I202,H202)) -> 0 | O202: =IF('Hàng hóa'!K203<>"",'Hàng hóa'!K203,"")
C203: {=IFERROR(INDEX('Hàng hóa'!$A$4:$A$203,MATCH(B203,'Hàng hóa'!$B$4:$B$203,0)),"")} | D203: {=IFERROR(INDEX('Hàng hóa'!$C$4:$C$203,MATCH(B203,'Hàng hóa'!$B$4:$B$203,0)),"")} | F203: {=IFERROR(INDEX('Hàng hóa'!$E$4:$E$203,MATCH(B203,'Hàng hóa'!$B$4:$B$203,0)),0)} -> 0 | G203: {=IFERROR(INDEX('Hàng hóa'!$F$4:$F$203,MATCH(B203,'Hàng hóa'!$B$4:$B$203,0)),"")} | H203: {=IFERROR(INDEX('Hàng hóa'!$G$4:$G$203,MATCH(B203,'Hàng hóa'!$B$4:$B$203,0)),0)} -> 0 | J203: =IF(OR(B203="",E203=""),0,E203*F203) -> 0 | K203: =IF(OR(B203="",E203=""),0,E203*IF(I203>0,I203,H203)) -> 0
C204: {=IFERROR(INDEX('Hàng hóa'!$A$4:$A$203,MATCH(B204,'Hàng hóa'!$B$4:$B$203,0)),"")} | D204: {=IFERROR(INDEX('Hàng hóa'!$C$4:$C$203,MATCH(B204,'Hàng hóa'!$B$4:$B$203,0)),"")} | F204: {=IFERROR(INDEX('Hàng hóa'!$E$4:$E$203,MATCH(B204,'Hàng hóa'!$B$4:$B$203,0)),0)} -> 0 | G204: {=IFERROR(INDEX('Hàng hóa'!$F$4:$F$203,MATCH(B204,'Hàng hóa'!$B$4:$B$203,0)),"")} | H204: {=IFERROR(INDEX('Hàng hóa'!$G$4:$G$203,MATCH(B204,'Hàng hóa'!$B$4:$B$203,0)),0)} -> 0 | J204: =IF(OR(B204="",E204=""),0,E204*F204) -> 0 | K204: =IF(OR(B204="",E204=""),0,E204*IF(I204>0,I204,H204)) -> 0
C205: {=IFERROR(INDEX('Hàng hóa'!$A$4:$A$203,MATCH(B205,'Hàng hóa'!$B$4:$B$203,0)),"")} | D205: {=IFERROR(INDEX('Hàng hóa'!$C$4:$C$203,MATCH(B205,'Hàng hóa'!$B$4:$B$203,0)),"")} | F205: {=IFERROR(INDEX('Hàng hóa'!$E$4:$E$203,MATCH(B205,'Hàng hóa'!$B$4:$B$203,0)),0)} -> 0 | G205: {=IFERROR(INDEX('Hàng hóa'!$F$4:$F$203,MATCH(B205,'Hàng hóa'!$B$4:$B$203,0)),"")} | H205: {=IFERROR(INDEX('Hàng hóa'!$G$4:$G$203,MATCH(B205,'Hàng hóa'!$B$4:$B$203,0)),0)} -> 0 | J205: =IF(OR(B205="",E205=""),0,E205*F205) -> 0 | K205: =IF(OR(B205="",E205=""),0,E205*IF(I205>0,I205,H205)) -> 0
C206: {=IFERROR(INDEX('Hàng hóa'!$A$4:$A$203,MATCH(B206,'Hàng hóa'!$B$4:$B$203,0)),"")} | D206: {=IFERROR(INDEX('Hàng hóa'!$C$4:$C$203,MATCH(B206,'Hàng hóa'!$B$4:$B$203,0)),"")} | F206: {=IFERROR(INDEX('Hàng hóa'!$E$4:$E$203,MATCH(B206,'Hàng hóa'!$B$4:$B$203,0)),0)} -> 0 | G206: {=IFERROR(INDEX('Hàng hóa'!$F$4:$F$203,MATCH(B206,'Hàng hóa'!$B$4:$B$203,0)),"")} | H206: {=IFERROR(INDEX('Hàng hóa'!$G$4:$G$203,MATCH(B206,'Hàng hóa'!$B$4:$B$203,0)),0)} -> 0 | J206: =IF(OR(B206="",E206=""),0,E206*F206) -> 0 | K206: =IF(OR(B206="",E206=""),0,E206*IF(I206>0,I206,H206)) -> 0
C207: {=IFERROR(INDEX('Hàng hóa'!$A$4:$A$203,MATCH(B207,'Hàng hóa'!$B$4:$B$203,0)),"")} | D207: {=IFERROR(INDEX('Hàng hóa'!$C$4:$C$203,MATCH(B207,'Hàng hóa'!$B$4:$B$203,0)),"")} | F207: {=IFERROR(INDEX('Hàng hóa'!$E$4:$E$203,MATCH(B207,'Hàng hóa'!$B$4:$B$203,0)),0)} -> 0 | G207: {=IFERROR(INDEX('Hàng hóa'!$F$4:$F$203,MATCH(B207,'Hàng hóa'!$B$4:$B$203,0)),"")} | H207: {=IFERROR(INDEX('Hàng hóa'!$G$4:$G$203,MATCH(B207,'Hàng hóa'!$B$4:$B$203,0)),0)} -> 0 | J207: =IF(OR(B207="",E207=""),0,E207*F207) -> 0 | K207: =IF(OR(B207="",E207=""),0,E207*IF(I207>0,I207,H207)) -> 0
C208: {=IFERROR(INDEX('Hàng hóa'!$A$4:$A$203,MATCH(B208,'Hàng hóa'!$B$4:$B$203,0)),"")} | D208: {=IFERROR(INDEX('Hàng hóa'!$C$4:$C$203,MATCH(B208,'Hàng hóa'!$B$4:$B$203,0)),"")} | F208: {=IFERROR(INDEX('Hàng hóa'!$E$4:$E$203,MATCH(B208,'Hàng hóa'!$B$4:$B$203,0)),0)} -> 0 | G208: {=IFERROR(INDEX('Hàng hóa'!$F$4:$F$203,MATCH(B208,'Hàng hóa'!$B$4:$B$203,0)),"")} | H208: {=IFERROR(INDEX('Hàng hóa'!$G$4:$G$203,MATCH(B208,'Hàng hóa'!$B$4:$B$203,0)),0)} -> 0 | J208: =IF(OR(B208="",E208=""),0,E208*F208) -> 0 | K208: =IF(OR(B208="",E208=""),0,E208*IF(I208>0,I208,H208)) -> 0
C209: {=IFERROR(INDEX('Hàng hóa'!$A$4:$A$203,MATCH(B209,'Hàng hóa'!$B$4:$B$203,0)),"")} | D209: {=IFERROR(INDEX('Hàng hóa'!$C$4:$C$203,MATCH(B209,'Hàng hóa'!$B$4:$B$203,0)),"")} | F209: {=IFERROR(INDEX('Hàng hóa'!$E$4:$E$203,MATCH(B209,'Hàng hóa'!$B$4:$B$203,0)),0)} -> 0 | G209: {=IFERROR(INDEX('Hàng hóa'!$F$4:$F$203,MATCH(B209,'Hàng hóa'!$B$4:$B$203,0)),"")} | H209: {=IFERROR(INDEX('Hàng hóa'!$G$4:$G$203,MATCH(B209,'Hàng hóa'!$B$4:$B$203,0)),0)} -> 0 | J209: =IF(OR(B209="",E209=""),0,E209*F209) -> 0 | K209: =IF(OR(B209="",E209=""),0,E209*IF(I209>0,I209,H209)) -> 0
C210: {=IFERROR(INDEX('Hàng hóa'!$A$4:$A$203,MATCH(B210,'Hàng hóa'!$B$4:$B$203,0)),"")} | D210: {=IFERROR(INDEX('Hàng hóa'!$C$4:$C$203,MATCH(B210,'Hàng hóa'!$B$4:$B$203,0)),"")} | F210: {=IFERROR(INDEX('Hàng hóa'!$E$4:$E$203,MATCH(B210,'Hàng hóa'!$B$4:$B$203,0)),0)} -> 0 | G210: {=IFERROR(INDEX('Hàng hóa'!$F$4:$F$203,MATCH(B210,'Hàng hóa'!$B$4:$B$203,0)),"")} | H210: {=IFERROR(INDEX('Hàng hóa'!$G$4:$G$203,MATCH(B210,'Hàng hóa'!$B$4:$B$203,0)),0)} -> 0 | J210: =IF(OR(B210="",E210=""),0,E210*F210) -> 0 | K210: =IF(OR(B210="",E210=""),0,E210*IF(I210>0,I210,H210)) -> 0
C211: {=IFERROR(INDEX('Hàng hóa'!$A$4:$A$203,MATCH(B211,'Hàng hóa'!$B$4:$B$203,0)),"")} | D211: {=IFERROR(INDEX('Hàng hóa'!$C$4:$C$203,MATCH(B211,'Hàng hóa'!$B$4:$B$203,0)),"")} | F211: {=IFERROR(INDEX('Hàng hóa'!$E$4:$E$203,MATCH(B211,'Hàng hóa'!$B$4:$B$203,0)),0)} -> 0 | G211: {=IFERROR(INDEX('Hàng hóa'!$F$4:$F$203,MATCH(B211,'Hàng hóa'!$B$4:$B$203,0)),"")} | H211: {=IFERROR(INDEX('Hàng hóa'!$G$4:$G$203,MATCH(B211,'Hàng hóa'!$B$4:$B$203,0)),0)} -> 0 | J211: =IF(OR(B211="",E211=""),0,E211*F211) -> 0 | K211: =IF(OR(B211="",E211=""),0,E211*IF(I211>0,I211,H211)) -> 0
C212: {=IFERROR(INDEX('Hàng hóa'!$A$4:$A$203,MATCH(B212,'Hàng hóa'!$B$4:$B$203,0)),"")} | D212: {=IFERROR(INDEX('Hàng hóa'!$C$4:$C$203,MATCH(B212,'Hàng hóa'!$B$4:$B$203,0)),"")} | F212: {=IFERROR(INDEX('Hàng hóa'!$E$4:$E$203,MATCH(B212,'Hàng hóa'!$B$4:$B$203,0)),0)} -> 0 | G212: {=IFERROR(INDEX('Hàng hóa'!$F$4:$F$203,MATCH(B212,'Hàng hóa'!$B$4:$B$203,0)),"")} | H212: {=IFERROR(INDEX('Hàng hóa'!$G$4:$G$203,MATCH(B212,'Hàng hóa'!$B$4:$B$203,0)),0)} -> 0 | J212: =IF(OR(B212="",E212=""),0,E212*F212) -> 0 | K212: =IF(OR(B212="",E212=""),0,E212*IF(I212>0,I212,H212)) -> 0
C213: {=IFERROR(INDEX('Hàng hóa'!$A$4:$A$203,MATCH(B213,'Hàng hóa'!$B$4:$B$203,0)),"")} | D213: {=IFERROR(INDEX('Hàng hóa'!$C$4:$C$203,MATCH(B213,'Hàng hóa'!$B$4:$B$203,0)),"")} | F213: {=IFERROR(INDEX('Hàng hóa'!$E$4:$E$203,MATCH(B213,'Hàng hóa'!$B$4:$B$203,0)),0)} -> 0 | G213: {=IFERROR(INDEX('Hàng hóa'!$F$4:$F$203,MATCH(B213,'Hàng hóa'!$B$4:$B$203,0)),"")} | H213: {=IFERROR(INDEX('Hàng hóa'!$G$4:$G$203,MATCH(B213,'Hàng hóa'!$B$4:$B$203,0)),0)} -> 0 | J213: =IF(OR(B213="",E213=""),0,E213*F213) -> 0 | K213: =IF(OR(B213="",E213=""),0,E213*IF(I213>0,I213,H213)) -> 0
C214: {=IFERROR(INDEX('Hàng hóa'!$A$4:$A$203,MATCH(B214,'Hàng hóa'!$B$4:$B$203,0)),"")} | D214: {=IFERROR(INDEX('Hàng hóa'!$C$4:$C$203,MATCH(B214,'Hàng hóa'!$B$4:$B$203,0)),"")} | F214: {=IFERROR(INDEX('Hàng hóa'!$E$4:$E$203,MATCH(B214,'Hàng hóa'!$B$4:$B$203,0)),0)} -> 0 | G214: {=IFERROR(INDEX('Hàng hóa'!$F$4:$F$203,MATCH(B214,'Hàng hóa'!$B$4:$B$203,0)),"")} | H214: {=IFERROR(INDEX('Hàng hóa'!$G$4:$G$203,MATCH(B214,'Hàng hóa'!$B$4:$B$203,0)),0)} -> 0 | J214: =IF(OR(B214="",E214=""),0,E214*F214) -> 0 | K214: =IF(OR(B214="",E214=""),0,E214*IF(I214>0,I214,H214)) -> 0
... C503: {=IFERROR(INDEX('Hàng hóa'!$A$4:$A$203,MATCH(B503,'Hàng hóa'!$B$4:$B$203,0)),"")} | D503: {=IFERROR(INDEX('Hàng hóa'!$C$4:$C$203,MATCH(B503,'Hàng hóa'!$B$4:$B$203,0)),"")} | F503: {=IFERROR(INDEX('Hàng hóa'!$E$4:$E$203,MATCH(B503,'Hàng hóa'!$B$4:$B$203,0)),0)} -> 0 | G503: {=IFERROR(INDEX('Hàng hóa'!$F$4:$F$203,MATCH(B503,'Hàng hóa'!$B$4:$B$203,0)),"")} | H503: {=IFERROR(INDEX('Hàng hóa'!$G$4:$G$203,MATCH(B503,'Hàng hóa'!$B$4:$B$203,0)),0)} -> 0 | J503: =IF(OR(B503="",E503=""),0,E503*F503) -> 0 | K503: =IF(OR(B503="",E503=""),0,E503*IF(I503>0,I503,H503)) -> 0

Sheet Bán hàng
A1: BÁN HÀNG TỰ ĐỘNG — KHÔNG NHẬP TRỰC TIẾP
A2: Dữ liệu tự động lấy từ Bán nhanh. Món có số lượng 0 sẽ để trống và không được tính. | U2: DS tên mẻ | V2: Thanh toán | W2: DS sản phẩm
A3: Ngày bán | B3: Tên sản phẩm | C3: Mã SP | D3: Tên mẻ sữa | E3: Mã mẻ | F3: Số lượng | G3: Giá bán/ly (đ) | H3: Giảm giá (đ) | I3: Doanh thu (đ) | J3: Sữa nền/ly (ml) | K3: Cost sữa/ly (đ) | L3: Cost topping/ly (đ) | M3: Cost bao bì/ly (đ) | N3: Overhead/ly (đ) | O3: Cost biến đổi/ly (đ) | P3: Tổng cost biến đổi (đ) | Q3: Lãi đóng góp (đ) | R3: Thanh toán | S3: Ghi chú | U3: =IF('Mẻ sữa'!C4<>"",'Mẻ sữa'!C4,"") -> Mẻ test 15L | V3: Tiền mặt | W3: =IF('Sản phẩm'!D4<>"",'Sản phẩm'!D4,"") -> Oreo - Size M
A4: {=IF(B4="","",INDEX('Bán nhanh'!$A$4:$A$103,INT((ROW()-4)/10)+1))} -> 46224 | B4: {=IF(OR(INDEX('Bán nhanh'!$D$3:$M$3,1,MOD(ROW()-4,10)+1)="",INDEX('Bán nhanh'!$D$4:$M$103,INT((ROW()-4)/10)+1,MOD(ROW()-4,10)+1)<=0),"",INDEX('Bán nhanh'!$D$3:$M$3,1,MOD(ROW()-4,10)+1))} -> Oreo - Size M | C4: {=IFERROR(INDEX('Sản phẩm'!$A$4:$A$103,MATCH(B4,'Sản phẩm'!$D$4:$D$103,0)),"")} -> M-OREO | D4: {=IF(B4="","",INDEX('Bán nhanh'!$B$4:$B$103,INT((ROW()-4)/10)+1))} -> Mẻ test 15L | E4: {=IFERROR(INDEX('Mẻ sữa'!$B$4:$B$203,MATCH(D4,'Mẻ sữa'!$C$4:$C$203,0)),"")} -> ME-001 | F4: {=IF(B4="",0,INDEX('Bán nhanh'!$D$4:$M$103,INT((ROW()-4)/10)+1,MOD(ROW()-4,10)+1))} -> 8 | G4: {=IFERROR(INDEX('Sản phẩm'!$F$4:$F$103,MATCH(B4,'Sản phẩm'!$D$4:$D$103,0)),0)} -> 35000 | H4: =35000 -> 35000 | I4: =IF(B4="",0,F4*G4-H4) -> 245000 | J4: {=IFERROR(INDEX('Sản phẩm'!$G$4:$G$103,MATCH(B4,'Sản phẩm'!$D$4:$D$103,0)),0)} -> 400 | K4: {=IFERROR(J4*INDEX('Mẻ sữa'!$N$4:$N$203,MATCH(D4,'Mẻ sữa'!$C$4:$C$203,0)),0)} -> 11862.083 | L4: {=IFERROR(INDEX('Sản phẩm'!$I$4:$I$103,MATCH(B4,'Sản phẩm'!$D$4:$D$103,0)),0)} -> 3562.5 | M4: {=IFERROR(INDEX('Sản phẩm'!$J$4:$J$103,MATCH(B4,'Sản phẩm'!$D$4:$D$103,0)),0)} -> 900 | N4: =IF(B4="",0,(K4+L4+M4)*'Thiết lập'!$B$8) -> 816.22917 | O4: =IF(B4="",0,SUM(K4:N4)) -> 17140.812 | P4: =IF(B4="",0,F4*O4) -> 137126.5 | Q4: =IF(B4="",0,I4-P4) -> 107873.5 | R4: {=IF(B4="","",INDEX('Bán nhanh'!$C$4:$C$103,INT((ROW()-4)/10)+1))} -> Tiền mặt | S4: {=IF(B4="","",INDEX('Bán nhanh'!$P$4:$P$103,INT((ROW()-4)/10)+1))} -> Dòng mẫu — có thể sửa hoặc xóa | U4: =IF('Mẻ sữa'!C5<>"",'Mẻ sữa'!C5,"") -> Mẻ test 6L | V4: Chuyển khoản | W4: =IF('Sản phẩm'!D5<>"",'Sản phẩm'!D5,"") -> Oreo - Size L
A5: {=IF(B5="","",INDEX('Bán nhanh'!$A$4:$A$103,INT((ROW()-4)/10)+1))} -> 46224 | B5: {=IF(OR(INDEX('Bán nhanh'!$D$3:$M$3,1,MOD(ROW()-4,10)+1)="",INDEX('Bán nhanh'!$D$4:$M$103,INT((ROW()-4)/10)+1,MOD(ROW()-4,10)+1)<=0),"",INDEX('Bán nhanh'!$D$3:$M$3,1,MOD(ROW()-4,10)+1))} -> Oreo - Size L | C5: {=IFERROR(INDEX('Sản phẩm'!$A$4:$A$103,MATCH(B5,'Sản phẩm'!$D$4:$D$103,0)),"")} -> L-OREO | D5: {=IF(B5="","",INDEX('Bán nhanh'!$B$4:$B$103,INT((ROW()-4)/10)+1))} -> Mẻ test 15L | E5: {=IFERROR(INDEX('Mẻ sữa'!$B$4:$B$203,MATCH(D5,'Mẻ sữa'!$C$4:$C$203,0)),"")} -> ME-001 | F5: {=IF(B5="",0,INDEX('Bán nhanh'!$D$4:$M$103,INT((ROW()-4)/10)+1,MOD(ROW()-4,10)+1))} -> 2 | G5: {=IFERROR(INDEX('Sản phẩm'!$F$4:$F$103,MATCH(B5,'Sản phẩm'!$D$4:$D$103,0)),0)} -> 40000 | H5: =0 -> 0 | I5: =IF(B5="",0,F5*G5-H5) -> 80000 | J5: {=IFERROR(INDEX('Sản phẩm'!$G$4:$G$103,MATCH(B5,'Sản phẩm'!$D$4:$D$103,0)),0)} -> 550 | K5: {=IFERROR(J5*INDEX('Mẻ sữa'!$N$4:$N$203,MATCH(D5,'Mẻ sữa'!$C$4:$C$203,0)),0)} -> 16310.365 | L5: {=IFERROR(INDEX('Sản phẩm'!$I$4:$I$103,MATCH(B5,'Sản phẩm'!$D$4:$D$103,0)),0)} -> 3562.5 | M5: {=IFERROR(INDEX('Sản phẩm'!$J$4:$J$103,MATCH(B5,'Sản phẩm'!$D$4:$D$103,0)),0)} -> 900 | N5: =IF(B5="",0,(K5+L5+M5)*'Thiết lập'!$B$8) -> 1038.6432 | O5: =IF(B5="",0,SUM(K5:N5)) -> 21811.508 | P5: =IF(B5="",0,F5*O5) -> 43623.016 | Q5: =IF(B5="",0,I5-P5) -> 36376.984 | R5: {=IF(B5="","",INDEX('Bán nhanh'!$C$4:$C$103,INT((ROW()-4)/10)+1))} -> Tiền mặt | S5: {=IF(B5="","",INDEX('Bán nhanh'!$P$4:$P$103,INT((ROW()-4)/10)+1))} -> Dòng mẫu — có thể sửa hoặc xóa | U5: =IF('Mẻ sữa'!C6<>"",'Mẻ sữa'!C6,"") | V5: Ứng dụng giao hàng | W5: =IF('Sản phẩm'!D6<>"",'Sản phẩm'!D6,"") -> Dừa non - Size M
A6: {=IF(B6="","",INDEX('Bán nhanh'!$A$4:$A$103,INT((ROW()-4)/10)+1))} -> 46224 | B6: {=IF(OR(INDEX('Bán nhanh'!$D$3:$M$3,1,MOD(ROW()-4,10)+1)="",INDEX('Bán nhanh'!$D$4:$M$103,INT((ROW()-4)/10)+1,MOD(ROW()-4,10)+1)<=0),"",INDEX('Bán nhanh'!$D$3:$M$3,1,MOD(ROW()-4,10)+1))} -> Dừa non - Size M | C6: {=IFERROR(INDEX('Sản phẩm'!$A$4:$A$103,MATCH(B6,'Sản phẩm'!$D$4:$D$103,0)),"")} -> M-DUA | D6: {=IF(B6="","",INDEX('Bán nhanh'!$B$4:$B$103,INT((ROW()-4)/10)+1))} -> Mẻ test 15L | E6: {=IFERROR(INDEX('Mẻ sữa'!$B$4:$B$203,MATCH(D6,'Mẻ sữa'!$C$4:$C$203,0)),"")} -> ME-001 | F6: {=IF(B6="",0,INDEX('Bán nhanh'!$D$4:$M$103,INT((ROW()-4)/10)+1,MOD(ROW()-4,10)+1))} -> 5 | G6: {=IFERROR(INDEX('Sản phẩm'!$F$4:$F$103,MATCH(B6,'Sản phẩm'!$D$4:$D$103,0)),0)} -> 35000 | H6: =0 -> 0 | I6: =IF(B6="",0,F6*G6-H6) -> 175000 | J6: {=IFERROR(INDEX('Sản phẩm'!$G$4:$G$103,MATCH(B6,'Sản phẩm'!$D$4:$D$103,0)),0)} -> 400 | K6: {=IFERROR(J6*INDEX('Mẻ sữa'!$N$4:$N$203,MATCH(D6,'Mẻ sữa'!$C$4:$C$203,0)),0)} -> 11862.083 | L6: {=IFERROR(INDEX('Sản phẩm'!$I$4:$I$103,MATCH(B6,'Sản phẩm'!$D$4:$D$103,0)),0)} -> 1581.8182 | M6: {=IFERROR(INDEX('Sản phẩm'!$J$4:$J$103,MATCH(B6,'Sản phẩm'!$D$4:$D$103,0)),0)} -> 900 | N6: =IF(B6="",0,(K6+L6+M6)*'Thiết lập'!$B$8) -> 717.19508 | O6: =IF(B6="",0,SUM(K6:N6)) -> 15061.097 | P6: =IF(B6="",0,F6*O6) -> 75305.483 | Q6: =IF(B6="",0,I6-P6) -> 99694.517 | R6: {=IF(B6="","",INDEX('Bán nhanh'!$C$4:$C$103,INT((ROW()-4)/10)+1))} -> Tiền mặt | S6: {=IF(B6="","",INDEX('Bán nhanh'!$P$4:$P$103,INT((ROW()-4)/10)+1))} -> Dòng mẫu — có thể sửa hoặc xóa | U6: =IF('Mẻ sữa'!C7<>"",'Mẻ sữa'!C7,"") | W6: =IF('Sản phẩm'!D7<>"",'Sản phẩm'!D7,"") -> Dừa non - Size L
A7: {=IF(B7="","",INDEX('Bán nhanh'!$A$4:$A$103,INT((ROW()-4)/10)+1))} -> 46224 | B7: {=IF(OR(INDEX('Bán nhanh'!$D$3:$M$3,1,MOD(ROW()-4,10)+1)="",INDEX('Bán nhanh'!$D$4:$M$103,INT((ROW()-4)/10)+1,MOD(ROW()-4,10)+1)<=0),"",INDEX('Bán nhanh'!$D$3:$M$3,1,MOD(ROW()-4,10)+1))} -> Dừa non - Size L | C7: {=IFERROR(INDEX('Sản phẩm'!$A$4:$A$103,MATCH(B7,'Sản phẩm'!$D$4:$D$103,0)),"")} -> L-DUA | D7: {=IF(B7="","",INDEX('Bán nhanh'!$B$4:$B$103,INT((ROW()-4)/10)+1))} -> Mẻ test 15L | E7: {=IFERROR(INDEX('Mẻ sữa'!$B$4:$B$203,MATCH(D7,'Mẻ sữa'!$C$4:$C$203,0)),"")} -> ME-001 | F7: {=IF(B7="",0,INDEX('Bán nhanh'!$D$4:$M$103,INT((ROW()-4)/10)+1,MOD(ROW()-4,10)+1))} -> 1 | G7: {=IFERROR(INDEX('Sản phẩm'!$F$4:$F$103,MATCH(B7,'Sản phẩm'!$D$4:$D$103,0)),0)} -> 40000 | H7: =0 -> 0 | I7: =IF(B7="",0,F7*G7-H7) -> 40000 | J7: {=IFERROR(INDEX('Sản phẩm'!$G$4:$G$103,MATCH(B7,'Sản phẩm'!$D$4:$D$103,0)),0)} -> 550 | K7: {=IFERROR(J7*INDEX('Mẻ sữa'!$N$4:$N$203,MATCH(D7,'Mẻ sữa'!$C$4:$C$203,0)),0)} -> 16310.365 | L7: {=IFERROR(INDEX('Sản phẩm'!$I$4:$I$103,MATCH(B7,'Sản phẩm'!$D$4:$D$103,0)),0)} -> 1581.8182 | M7: {=IFERROR(INDEX('Sản phẩm'!$J$4:$J$103,MATCH(B7,'Sản phẩm'!$D$4:$D$103,0)),0)} -> 900 | N7: =IF(B7="",0,(K7+L7+M7)*'Thiết lập'!$B$8) -> 939.60914 | O7: =IF(B7="",0,SUM(K7:N7)) -> 19731.792 | P7: =IF(B7="",0,F7*O7) -> 19731.792 | Q7: =IF(B7="",0,I7-P7) -> 20268.208 | R7: {=IF(B7="","",INDEX('Bán nhanh'!$C$4:$C$103,INT((ROW()-4)/10)+1))} -> Tiền mặt | S7: {=IF(B7="","",INDEX('Bán nhanh'!$P$4:$P$103,INT((ROW()-4)/10)+1))} -> Dòng mẫu — có thể sửa hoặc xóa | U7: =IF('Mẻ sữa'!C8<>"",'Mẻ sữa'!C8,"") | W7: =IF('Sản phẩm'!D8<>"",'Sản phẩm'!D8,"") -> Dâu giòn - Size M
A8: {=IF(B8="","",INDEX('Bán nhanh'!$A$4:$A$103,INT((ROW()-4)/10)+1))} -> 46224 | B8: {=IF(OR(INDEX('Bán nhanh'!$D$3:$M$3,1,MOD(ROW()-4,10)+1)="",INDEX('Bán nhanh'!$D$4:$M$103,INT((ROW()-4)/10)+1,MOD(ROW()-4,10)+1)<=0),"",INDEX('Bán nhanh'!$D$3:$M$3,1,MOD(ROW()-4,10)+1))} -> Dâu giòn - Size M | C8: {=IFERROR(INDEX('Sản phẩm'!$A$4:$A$103,MATCH(B8,'Sản phẩm'!$D$4:$D$103,0)),"")} -> M-DAU | D8: {=IF(B8="","",INDEX('Bán nhanh'!$B$4:$B$103,INT((ROW()-4)/10)+1))} -> Mẻ test 15L | E8: {=IFERROR(INDEX('Mẻ sữa'!$B$4:$B$203,MATCH(D8,'Mẻ sữa'!$C$4:$C$203,0)),"")} -> ME-001 | F8: 0 | G8: {=IFERROR(INDEX('Sản phẩm'!$F$4:$F$103,MATCH(B8,'Sản phẩm'!$D$4:$D$103,0)),0)} -> 35000 | H8: =0 -> 0 | I8: =IF(B8="",0,F8*G8-H8) -> 0 | J8: {=IFERROR(INDEX('Sản phẩm'!$G$4:$G$103,MATCH(B8,'Sản phẩm'!$D$4:$D$103,0)),0)} -> 400 | K8: {=IFERROR(J8*INDEX('Mẻ sữa'!$N$4:$N$203,MATCH(D8,'Mẻ sữa'!$C$4:$C$203,0)),0)} -> 11862.083 | L8: {=IFERROR(INDEX('Sản phẩm'!$I$4:$I$103,MATCH(B8,'Sản phẩm'!$D$4:$D$103,0)),0)} -> 5940000 | M8: {=IFERROR(INDEX('Sản phẩm'!$J$4:$J$103,MATCH(B8,'Sản phẩm'!$D$4:$D$103,0)),0)} -> 900 | N8: =IF(B8="",0,(K8+L8+M8)*'Thiết lập'!$B$8) -> 297638.1 | O8: =IF(B8="",0,SUM(K8:N8)) -> 6250400.2 | P8: =IF(B8="",0,F8*O8) -> 0 | Q8: =IF(B8="",0,I8-P8) -> 0 | R8: {=IF(B8="","",INDEX('Bán nhanh'!$C$4:$C$103,INT((ROW()-4)/10)+1))} -> Tiền mặt | S8: {=IF(B8="","",INDEX('Bán nhanh'!$P$4:$P$103,INT((ROW()-4)/10)+1))} -> Dòng mẫu — có thể sửa hoặc xóa | U8: =IF('Mẻ sữa'!C9<>"",'Mẻ sữa'!C9,"") | W8: =IF('Sản phẩm'!D9<>"",'Sản phẩm'!D9,"") -> Dâu giòn - Size L
A9: {=IF(B9="","",INDEX('Bán nhanh'!$A$4:$A$103,INT((ROW()-4)/10)+1))} | B9: {=IF(OR(INDEX('Bán nhanh'!$D$3:$M$3,1,MOD(ROW()-4,10)+1)="",INDEX('Bán nhanh'!$D$4:$M$103,INT((ROW()-4)/10)+1,MOD(ROW()-4,10)+1)<=0),"",INDEX('Bán nhanh'!$D$3:$M$3,1,MOD(ROW()-4,10)+1))} | C9: {=IFERROR(INDEX('Sản phẩm'!$A$4:$A$103,MATCH(B9,'Sản phẩm'!$D$4:$D$103,0)),"")} | D9: {=IF(B9="","",INDEX('Bán nhanh'!$B$4:$B$103,INT((ROW()-4)/10)+1))} | E9: {=IFERROR(INDEX('Mẻ sữa'!$B$4:$B$203,MATCH(D9,'Mẻ sữa'!$C$4:$C$203,0)),"")} | F9: {=IF(B9="",0,INDEX('Bán nhanh'!$D$4:$M$103,INT((ROW()-4)/10)+1,MOD(ROW()-4,10)+1))} -> 0 | G9: {=IFERROR(INDEX('Sản phẩm'!$F$4:$F$103,MATCH(B9,'Sản phẩm'!$D$4:$D$103,0)),0)} -> 0 | H9: =0 -> 0 | I9: =IF(B9="",0,F9*G9-H9) -> 0 | J9: {=IFERROR(INDEX('Sản phẩm'!$G$4:$G$103,MATCH(B9,'Sản phẩm'!$D$4:$D$103,0)),0)} -> 0 | K9: {=IFERROR(J9*INDEX('Mẻ sữa'!$N$4:$N$203,MATCH(D9,'Mẻ sữa'!$C$4:$C$203,0)),0)} -> 0 | L9: {=IFERROR(INDEX('Sản phẩm'!$I$4:$I$103,MATCH(B9,'Sản phẩm'!$D$4:$D$103,0)),0)} -> 0 | M9: {=IFERROR(INDEX('Sản phẩm'!$J$4:$J$103,MATCH(B9,'Sản phẩm'!$D$4:$D$103,0)),0)} | N9: =IF(B9="",0,(K9+L9+M9)*'Thiết lập'!$B$8) -> 0 | O9: =IF(B9="",0,SUM(K9:N9)) -> 0 | P9: =IF(B9="",0,F9*O9) -> 0 | Q9: =IF(B9="",0,I9-P9) -> 0 | R9: {=IF(B9="","",INDEX('Bán nhanh'!$C$4:$C$103,INT((ROW()-4)/10)+1))} | S9: {=IF(B9="","",INDEX('Bán nhanh'!$P$4:$P$103,INT((ROW()-4)/10)+1))} | U9: =IF('Mẻ sữa'!C10<>"",'Mẻ sữa'!C10,"") | W9: =IF('Sản phẩm'!D10<>"",'Sản phẩm'!D10,"") -> Sữa chua sấy - Size M
A10: {=IF(B10="","",INDEX('Bán nhanh'!$A$4:$A$103,INT((ROW()-4)/10)+1))} -> 46224 | B10: {=IF(OR(INDEX('Bán nhanh'!$D$3:$M$3,1,MOD(ROW()-4,10)+1)="",INDEX('Bán nhanh'!$D$4:$M$103,INT((ROW()-4)/10)+1,MOD(ROW()-4,10)+1)<=0),"",INDEX('Bán nhanh'!$D$3:$M$3,1,MOD(ROW()-4,10)+1))} -> Sữa chua sấy - Size M | C10: {=IFERROR(INDEX('Sản phẩm'!$A$4:$A$103,MATCH(B10,'Sản phẩm'!$D$4:$D$103,0)),"")} -> M-SC | D10: {=IF(B10="","",INDEX('Bán nhanh'!$B$4:$B$103,INT((ROW()-4)/10)+1))} -> Mẻ test 15L | E10: {=IFERROR(INDEX('Mẻ sữa'!$B$4:$B$203,MATCH(D10,'Mẻ sữa'!$C$4:$C$203,0)),"")} -> ME-001 | F10: 0 | G10: {=IFERROR(INDEX('Sản phẩm'!$F$4:$F$103,MATCH(B10,'Sản phẩm'!$D$4:$D$103,0)),0)} -> 35000 | H10: =0 -> 0 | I10: =IF(B10="",0,F10*G10-H10) -> 0 | J10: {=IFERROR(INDEX('Sản phẩm'!$G$4:$G$103,MATCH(B10,'Sản phẩm'!$D$4:$D$103,0)),0)} -> 400 | K10: {=IFERROR(J10*INDEX('Mẻ sữa'!$N$4:$N$203,MATCH(D10,'Mẻ sữa'!$C$4:$C$203,0)),0)} -> 11862.083 | L10: {=IFERROR(INDEX('Sản phẩm'!$I$4:$I$103,MATCH(B10,'Sản phẩm'!$D$4:$D$103,0)),0)} -> 4855500 | M10: {=IFERROR(INDEX('Sản phẩm'!$J$4:$J$103,MATCH(B10,'Sản phẩm'!$D$4:$D$103,0)),0)} -> 900 | N10: =IF(B10="",0,(K10+L10+M10)*'Thiết lập'!$B$8) -> 243413.1 | O10: =IF(B10="",0,SUM(K10:N10)) -> 5111675.2 | P10: =IF(B10="",0,F10*O10) -> 0 | Q10: =IF(B10="",0,I10-P10) -> 0 | R10: {=IF(B10="","",INDEX('Bán nhanh'!$C$4:$C$103,INT((ROW()-4)/10)+1))} -> Tiền mặt | S10: {=IF(B10="","",INDEX('Bán nhanh'!$P$4:$P$103,INT((ROW()-4)/10)+1))} -> Dòng mẫu — có thể sửa hoặc xóa | U10: =IF('Mẻ sữa'!C11<>"",'Mẻ sữa'!C11,"") | W10: =IF('Sản phẩm'!D11<>"",'Sản phẩm'!D11,"") -> Sữa chua sấy - Size L
A11: {=IF(B11="","",INDEX('Bán nhanh'!$A$4:$A$103,INT((ROW()-4)/10)+1))} | B11: {=IF(OR(INDEX('Bán nhanh'!$D$3:$M$3,1,MOD(ROW()-4,10)+1)="",INDEX('Bán nhanh'!$D$4:$M$103,INT((ROW()-4)/10)+1,MOD(ROW()-4,10)+1)<=0),"",INDEX('Bán nhanh'!$D$3:$M$3,1,MOD(ROW()-4,10)+1))} | C11: {=IFERROR(INDEX('Sản phẩm'!$A$4:$A$103,MATCH(B11,'Sản phẩm'!$D$4:$D$103,0)),"")} | D11: {=IF(B11="","",INDEX('Bán nhanh'!$B$4:$B$103,INT((ROW()-4)/10)+1))} | E11: {=IFERROR(INDEX('Mẻ sữa'!$B$4:$B$203,MATCH(D11,'Mẻ sữa'!$C$4:$C$203,0)),"")} | F11: {=IF(B11="",0,INDEX('Bán nhanh'!$D$4:$M$103,INT((ROW()-4)/10)+1,MOD(ROW()-4,10)+1))} -> 0 | G11: {=IFERROR(INDEX('Sản phẩm'!$F$4:$F$103,MATCH(B11,'Sản phẩm'!$D$4:$D$103,0)),0)} -> 0 | H11: =0 -> 0 | I11: =IF(B11="",0,F11*G11-H11) -> 0 | J11: {=IFERROR(INDEX('Sản phẩm'!$G$4:$G$103,MATCH(B11,'Sản phẩm'!$D$4:$D$103,0)),0)} -> 0 | K11: {=IFERROR(J11*INDEX('Mẻ sữa'!$N$4:$N$203,MATCH(D11,'Mẻ sữa'!$C$4:$C$203,0)),0)} -> 0 | L11: {=IFERROR(INDEX('Sản phẩm'!$I$4:$I$103,MATCH(B11,'Sản phẩm'!$D$4:$D$103,0)),0)} -> 0 | M11: {=IFERROR(INDEX('Sản phẩm'!$J$4:$J$103,MATCH(B11,'Sản phẩm'!$D$4:$D$103,0)),0)} | N11: =IF(B11="",0,(K11+L11+M11)*'Thiết lập'!$B$8) -> 0 | O11: =IF(B11="",0,SUM(K11:N11)) -> 0 | P11: =IF(B11="",0,F11*O11) -> 0 | Q11: =IF(B11="",0,I11-P11) -> 0 | R11: {=IF(B11="","",INDEX('Bán nhanh'!$C$4:$C$103,INT((ROW()-4)/10)+1))} | S11: {=IF(B11="","",INDEX('Bán nhanh'!$P$4:$P$103,INT((ROW()-4)/10)+1))} | U11: =IF('Mẻ sữa'!C12<>"",'Mẻ sữa'!C12,"") | W11: =IF('Sản phẩm'!D12<>"",'Sản phẩm'!D12,"") -> Choco Ball - Size M
A12: {=IF(B12="","",INDEX('Bán nhanh'!$A$4:$A$103,INT((ROW()-4)/10)+1))} -> 46224 | B12: {=IF(OR(INDEX('Bán nhanh'!$D$3:$M$3,1,MOD(ROW()-4,10)+1)="",INDEX('Bán nhanh'!$D$4:$M$103,INT((ROW()-4)/10)+1,MOD(ROW()-4,10)+1)<=0),"",INDEX('Bán nhanh'!$D$3:$M$3,1,MOD(ROW()-4,10)+1))} -> Choco Ball - Size M | C12: {=IFERROR(INDEX('Sản phẩm'!$A$4:$A$103,MATCH(B12,'Sản phẩm'!$D$4:$D$103,0)),"")} -> M-CHOCO | D12: {=IF(B12="","",INDEX('Bán nhanh'!$B$4:$B$103,INT((ROW()-4)/10)+1))} -> Mẻ test 15L | E12: {=IFERROR(INDEX('Mẻ sữa'!$B$4:$B$203,MATCH(D12,'Mẻ sữa'!$C$4:$C$203,0)),"")} -> ME-001 | F12: 0 | G12: {=IFERROR(INDEX('Sản phẩm'!$F$4:$F$103,MATCH(B12,'Sản phẩm'!$D$4:$D$103,0)),0)} -> 35000 | H12: =0 -> 0 | I12: =IF(B12="",0,F12*G12-H12) -> 0 | J12: {=IFERROR(INDEX('Sản phẩm'!$G$4:$G$103,MATCH(B12,'Sản phẩm'!$D$4:$D$103,0)),0)} -> 400 | K12: {=IFERROR(J12*INDEX('Mẻ sữa'!$N$4:$N$203,MATCH(D12,'Mẻ sữa'!$C$4:$C$203,0)),0)} -> 11862.083 | L12: {=IFERROR(INDEX('Sản phẩm'!$I$4:$I$103,MATCH(B12,'Sản phẩm'!$D$4:$D$103,0)),0)} -> 4280000 | M12: {=IFERROR(INDEX('Sản phẩm'!$J$4:$J$103,MATCH(B12,'Sản phẩm'!$D$4:$D$103,0)),0)} -> 900 | N12: =IF(B12="",0,(K12+L12+M12)*'Thiết lập'!$B$8) -> 214638.1 | O12: =IF(B12="",0,SUM(K12:N12)) -> 4507400.2 | P12: =IF(B12="",0,F12*O12) -> 0 | Q12: =IF(B12="",0,I12-P12) -> 0 | R12: {=IF(B12="","",INDEX('Bán nhanh'!$C$4:$C$103,INT((ROW()-4)/10)+1))} -> Tiền mặt | S12: {=IF(B12="","",INDEX('Bán nhanh'!$P$4:$P$103,INT((ROW()-4)/10)+1))} -> Dòng mẫu — có thể sửa hoặc xóa | U12: =IF('Mẻ sữa'!C13<>"",'Mẻ sữa'!C13,"") | W12: =IF('Sản phẩm'!D13<>"",'Sản phẩm'!D13,"") -> Choco Ball - Size L
A13: {=IF(B13="","",INDEX('Bán nhanh'!$A$4:$A$103,INT((ROW()-4)/10)+1))} | B13: {=IF(OR(INDEX('Bán nhanh'!$D$3:$M$3,1,MOD(ROW()-4,10)+1)="",INDEX('Bán nhanh'!$D$4:$M$103,INT((ROW()-4)/10)+1,MOD(ROW()-4,10)+1)<=0),"",INDEX('Bán nhanh'!$D$3:$M$3,1,MOD(ROW()-4,10)+1))} | C13: {=IFERROR(INDEX('Sản phẩm'!$A$4:$A$103,MATCH(B13,'Sản phẩm'!$D$4:$D$103,0)),"")} | D13: {=IF(B13="","",INDEX('Bán nhanh'!$B$4:$B$103,INT((ROW()-4)/10)+1))} | E13: {=IFERROR(INDEX('Mẻ sữa'!$B$4:$B$203,MATCH(D13,'Mẻ sữa'!$C$4:$C$203,0)),"")} | F13: {=IF(B13="",0,INDEX('Bán nhanh'!$D$4:$M$103,INT((ROW()-4)/10)+1,MOD(ROW()-4,10)+1))} -> 0 | G13: {=IFERROR(INDEX('Sản phẩm'!$F$4:$F$103,MATCH(B13,'Sản phẩm'!$D$4:$D$103,0)),0)} -> 0 | H13: =0 -> 0 | I13: =IF(B13="",0,F13*G13-H13) -> 0 | J13: {=IFERROR(INDEX('Sản phẩm'!$G$4:$G$103,MATCH(B13,'Sản phẩm'!$D$4:$D$103,0)),0)} -> 0 | K13: {=IFERROR(J13*INDEX('Mẻ sữa'!$N$4:$N$203,MATCH(D13,'Mẻ sữa'!$C$4:$C$203,0)),0)} -> 0 | L13: {=IFERROR(INDEX('Sản phẩm'!$I$4:$I$103,MATCH(B13,'Sản phẩm'!$D$4:$D$103,0)),0)} -> 0 | M13: {=IFERROR(INDEX('Sản phẩm'!$J$4:$J$103,MATCH(B13,'Sản phẩm'!$D$4:$D$103,0)),0)} | N13: =IF(B13="",0,(K13+L13+M13)*'Thiết lập'!$B$8) -> 0 | O13: =IF(B13="",0,SUM(K13:N13)) -> 0 | P13: =IF(B13="",0,F13*O13) -> 0 | Q13: =IF(B13="",0,I13-P13) -> 0 | R13: {=IF(B13="","",INDEX('Bán nhanh'!$C$4:$C$103,INT((ROW()-4)/10)+1))} | S13: {=IF(B13="","",INDEX('Bán nhanh'!$P$4:$P$103,INT((ROW()-4)/10)+1))} | U13: =IF('Mẻ sữa'!C14<>"",'Mẻ sữa'!C14,"") | W13: =IF('Sản phẩm'!D14<>"",'Sản phẩm'!D14,"")
A14: {=IF(B14="","",INDEX('Bán nhanh'!$A$4:$A$103,INT((ROW()-4)/10)+1))} | B14: {=IF(OR(INDEX('Bán nhanh'!$D$3:$M$3,1,MOD(ROW()-4,10)+1)="",INDEX('Bán nhanh'!$D$4:$M$103,INT((ROW()-4)/10)+1,MOD(ROW()-4,10)+1)<=0),"",INDEX('Bán nhanh'!$D$3:$M$3,1,MOD(ROW()-4,10)+1))} | C14: {=IFERROR(INDEX('Sản phẩm'!$A$4:$A$103,MATCH(B14,'Sản phẩm'!$D$4:$D$103,0)),"")} | D14: {=IF(B14="","",INDEX('Bán nhanh'!$B$4:$B$103,INT((ROW()-4)/10)+1))} | E14: {=IFERROR(INDEX('Mẻ sữa'!$B$4:$B$203,MATCH(D14,'Mẻ sữa'!$C$4:$C$203,0)),"")} | F14: {=IF(B14="",0,INDEX('Bán nhanh'!$D$4:$M$103,INT((ROW()-4)/10)+1,MOD(ROW()-4,10)+1))} -> 0 | G14: {=IFERROR(INDEX('Sản phẩm'!$F$4:$F$103,MATCH(B14,'Sản phẩm'!$D$4:$D$103,0)),0)} -> 0 | H14: =0 -> 0 | I14: =IF(B14="",0,F14*G14-H14) -> 0 | J14: {=IFERROR(INDEX('Sản phẩm'!$G$4:$G$103,MATCH(B14,'Sản phẩm'!$D$4:$D$103,0)),0)} -> 0 | K14: {=IFERROR(J14*INDEX('Mẻ sữa'!$N$4:$N$203,MATCH(D14,'Mẻ sữa'!$C$4:$C$203,0)),0)} -> 0 | L14: {=IFERROR(INDEX('Sản phẩm'!$I$4:$I$103,MATCH(B14,'Sản phẩm'!$D$4:$D$103,0)),0)} -> 0 | M14: {=IFERROR(INDEX('Sản phẩm'!$J$4:$J$103,MATCH(B14,'Sản phẩm'!$D$4:$D$103,0)),0)} | N14: =IF(B14="",0,(K14+L14+M14)*'Thiết lập'!$B$8) -> 0 | O14: =IF(B14="",0,SUM(K14:N14)) -> 0 | P14: =IF(B14="",0,F14*O14) -> 0 | Q14: =IF(B14="",0,I14-P14) -> 0 | R14: {=IF(B14="","",INDEX('Bán nhanh'!$C$4:$C$103,INT((ROW()-4)/10)+1))} | S14: {=IF(B14="","",INDEX('Bán nhanh'!$P$4:$P$103,INT((ROW()-4)/10)+1))} | U14: =IF('Mẻ sữa'!C15<>"",'Mẻ sữa'!C15,"") | W14: =IF('Sản phẩm'!D15<>"",'Sản phẩm'!D15,"")
A15: {=IF(B15="","",INDEX('Bán nhanh'!$A$4:$A$103,INT((ROW()-4)/10)+1))} | B15: {=IF(OR(INDEX('Bán nhanh'!$D$3:$M$3,1,MOD(ROW()-4,10)+1)="",INDEX('Bán nhanh'!$D$4:$M$103,INT((ROW()-4)/10)+1,MOD(ROW()-4,10)+1)<=0),"",INDEX('Bán nhanh'!$D$3:$M$3,1,MOD(ROW()-4,10)+1))} | C15: {=IFERROR(INDEX('Sản phẩm'!$A$4:$A$103,MATCH(B15,'Sản phẩm'!$D$4:$D$103,0)),"")} | D15: {=IF(B15="","",INDEX('Bán nhanh'!$B$4:$B$103,INT((ROW()-4)/10)+1))} | E15: {=IFERROR(INDEX('Mẻ sữa'!$B$4:$B$203,MATCH(D15,'Mẻ sữa'!$C$4:$C$203,0)),"")} | F15: {=IF(B15="",0,INDEX('Bán nhanh'!$D$4:$M$103,INT((ROW()-4)/10)+1,MOD(ROW()-4,10)+1))} -> 0 | G15: {=IFERROR(INDEX('Sản phẩm'!$F$4:$F$103,MATCH(B15,'Sản phẩm'!$D$4:$D$103,0)),0)} -> 0 | H15: =0 -> 0 | I15: =IF(B15="",0,F15*G15-H15) -> 0 | J15: {=IFERROR(INDEX('Sản phẩm'!$G$4:$G$103,MATCH(B15,'Sản phẩm'!$D$4:$D$103,0)),0)} -> 0 | K15: {=IFERROR(J15*INDEX('Mẻ sữa'!$N$4:$N$203,MATCH(D15,'Mẻ sữa'!$C$4:$C$203,0)),0)} -> 0 | L15: {=IFERROR(INDEX('Sản phẩm'!$I$4:$I$103,MATCH(B15,'Sản phẩm'!$D$4:$D$103,0)),0)} -> 0 | M15: {=IFERROR(INDEX('Sản phẩm'!$J$4:$J$103,MATCH(B15,'Sản phẩm'!$D$4:$D$103,0)),0)} | N15: =IF(B15="",0,(K15+L15+M15)*'Thiết lập'!$B$8) -> 0 | O15: =IF(B15="",0,SUM(K15:N15)) -> 0 | P15: =IF(B15="",0,F15*O15) -> 0 | Q15: =IF(B15="",0,I15-P15) -> 0 | R15: {=IF(B15="","",INDEX('Bán nhanh'!$C$4:$C$103,INT((ROW()-4)/10)+1))} | S15: {=IF(B15="","",INDEX('Bán nhanh'!$P$4:$P$103,INT((ROW()-4)/10)+1))} | U15: =IF('Mẻ sữa'!C16<>"",'Mẻ sữa'!C16,"") | W15: =IF('Sản phẩm'!D16<>"",'Sản phẩm'!D16,"")
A16: {=IF(B16="","",INDEX('Bán nhanh'!$A$4:$A$103,INT((ROW()-4)/10)+1))} | B16: {=IF(OR(INDEX('Bán nhanh'!$D$3:$M$3,1,MOD(ROW()-4,10)+1)="",INDEX('Bán nhanh'!$D$4:$M$103,INT((ROW()-4)/10)+1,MOD(ROW()-4,10)+1)<=0),"",INDEX('Bán nhanh'!$D$3:$M$3,1,MOD(ROW()-4,10)+1))} | C16: {=IFERROR(INDEX('Sản phẩm'!$A$4:$A$103,MATCH(B16,'Sản phẩm'!$D$4:$D$103,0)),"")} | D16: {=IF(B16="","",INDEX('Bán nhanh'!$B$4:$B$103,INT((ROW()-4)/10)+1))} | E16: {=IFERROR(INDEX('Mẻ sữa'!$B$4:$B$203,MATCH(D16,'Mẻ sữa'!$C$4:$C$203,0)),"")} | F16: {=IF(B16="",0,INDEX('Bán nhanh'!$D$4:$M$103,INT((ROW()-4)/10)+1,MOD(ROW()-4,10)+1))} -> 0 | G16: {=IFERROR(INDEX('Sản phẩm'!$F$4:$F$103,MATCH(B16,'Sản phẩm'!$D$4:$D$103,0)),0)} -> 0 | H16: =0 -> 0 | I16: =IF(B16="",0,F16*G16-H16) -> 0 | J16: {=IFERROR(INDEX('Sản phẩm'!$G$4:$G$103,MATCH(B16,'Sản phẩm'!$D$4:$D$103,0)),0)} -> 0 | K16: {=IFERROR(J16*INDEX('Mẻ sữa'!$N$4:$N$203,MATCH(D16,'Mẻ sữa'!$C$4:$C$203,0)),0)} -> 0 | L16: {=IFERROR(INDEX('Sản phẩm'!$I$4:$I$103,MATCH(B16,'Sản phẩm'!$D$4:$D$103,0)),0)} -> 0 | M16: {=IFERROR(INDEX('Sản phẩm'!$J$4:$J$103,MATCH(B16,'Sản phẩm'!$D$4:$D$103,0)),0)} | N16: =IF(B16="",0,(K16+L16+M16)*'Thiết lập'!$B$8) -> 0 | O16: =IF(B16="",0,SUM(K16:N16)) -> 0 | P16: =IF(B16="",0,F16*O16) -> 0 | Q16: =IF(B16="",0,I16-P16) -> 0 | R16: {=IF(B16="","",INDEX('Bán nhanh'!$C$4:$C$103,INT((ROW()-4)/10)+1))} | S16: {=IF(B16="","",INDEX('Bán nhanh'!$P$4:$P$103,INT((ROW()-4)/10)+1))} | U16: =IF('Mẻ sữa'!C17<>"",'Mẻ sữa'!C17,"") | W16: =IF('Sản phẩm'!D17<>"",'Sản phẩm'!D17,"")
A17: {=IF(B17="","",INDEX('Bán nhanh'!$A$4:$A$103,INT((ROW()-4)/10)+1))} | B17: {=IF(OR(INDEX('Bán nhanh'!$D$3:$M$3,1,MOD(ROW()-4,10)+1)="",INDEX('Bán nhanh'!$D$4:$M$103,INT((ROW()-4)/10)+1,MOD(ROW()-4,10)+1)<=0),"",INDEX('Bán nhanh'!$D$3:$M$3,1,MOD(ROW()-4,10)+1))} | C17: {=IFERROR(INDEX('Sản phẩm'!$A$4:$A$103,MATCH(B17,'Sản phẩm'!$D$4:$D$103,0)),"")} | D17: {=IF(B17="","",INDEX('Bán nhanh'!$B$4:$B$103,INT((ROW()-4)/10)+1))} | E17: {=IFERROR(INDEX('Mẻ sữa'!$B$4:$B$203,MATCH(D17,'Mẻ sữa'!$C$4:$C$203,0)),"")} | F17: {=IF(B17="",0,INDEX('Bán nhanh'!$D$4:$M$103,INT((ROW()-4)/10)+1,MOD(ROW()-4,10)+1))} -> 0 | G17: {=IFERROR(INDEX('Sản phẩm'!$F$4:$F$103,MATCH(B17,'Sản phẩm'!$D$4:$D$103,0)),0)} -> 0 | H17: =0 -> 0 | I17: =IF(B17="",0,F17*G17-H17) -> 0 | J17: {=IFERROR(INDEX('Sản phẩm'!$G$4:$G$103,MATCH(B17,'Sản phẩm'!$D$4:$D$103,0)),0)} -> 0 | K17: {=IFERROR(J17*INDEX('Mẻ sữa'!$N$4:$N$203,MATCH(D17,'Mẻ sữa'!$C$4:$C$203,0)),0)} -> 0 | L17: {=IFERROR(INDEX('Sản phẩm'!$I$4:$I$103,MATCH(B17,'Sản phẩm'!$D$4:$D$103,0)),0)} -> 0 | M17: {=IFERROR(INDEX('Sản phẩm'!$J$4:$J$103,MATCH(B17,'Sản phẩm'!$D$4:$D$103,0)),0)} | N17: =IF(B17="",0,(K17+L17+M17)*'Thiết lập'!$B$8) -> 0 | O17: =IF(B17="",0,SUM(K17:N17)) -> 0 | P17: =IF(B17="",0,F17*O17) -> 0 | Q17: =IF(B17="",0,I17-P17) -> 0 | R17: {=IF(B17="","",INDEX('Bán nhanh'!$C$4:$C$103,INT((ROW()-4)/10)+1))} | S17: {=IF(B17="","",INDEX('Bán nhanh'!$P$4:$P$103,INT((ROW()-4)/10)+1))} | U17: =IF('Mẻ sữa'!C18<>"",'Mẻ sữa'!C18,"") | W17: =IF('Sản phẩm'!D18<>"",'Sản phẩm'!D18,"")
A18: {=IF(B18="","",INDEX('Bán nhanh'!$A$4:$A$103,INT((ROW()-4)/10)+1))} | B18: {=IF(OR(INDEX('Bán nhanh'!$D$3:$M$3,1,MOD(ROW()-4,10)+1)="",INDEX('Bán nhanh'!$D$4:$M$103,INT((ROW()-4)/10)+1,MOD(ROW()-4,10)+1)<=0),"",INDEX('Bán nhanh'!$D$3:$M$3,1,MOD(ROW()-4,10)+1))} | C18: {=IFERROR(INDEX('Sản phẩm'!$A$4:$A$103,MATCH(B18,'Sản phẩm'!$D$4:$D$103,0)),"")} | D18: {=IF(B18="","",INDEX('Bán nhanh'!$B$4:$B$103,INT((ROW()-4)/10)+1))} | E18: {=IFERROR(INDEX('Mẻ sữa'!$B$4:$B$203,MATCH(D18,'Mẻ sữa'!$C$4:$C$203,0)),"")} | F18: {=IF(B18="",0,INDEX('Bán nhanh'!$D$4:$M$103,INT((ROW()-4)/10)+1,MOD(ROW()-4,10)+1))} -> 0 | G18: {=IFERROR(INDEX('Sản phẩm'!$F$4:$F$103,MATCH(B18,'Sản phẩm'!$D$4:$D$103,0)),0)} -> 0 | H18: =0 -> 0 | I18: =IF(B18="",0,F18*G18-H18) -> 0 | J18: {=IFERROR(INDEX('Sản phẩm'!$G$4:$G$103,MATCH(B18,'Sản phẩm'!$D$4:$D$103,0)),0)} -> 0 | K18: {=IFERROR(J18*INDEX('Mẻ sữa'!$N$4:$N$203,MATCH(D18,'Mẻ sữa'!$C$4:$C$203,0)),0)} -> 0 | L18: {=IFERROR(INDEX('Sản phẩm'!$I$4:$I$103,MATCH(B18,'Sản phẩm'!$D$4:$D$103,0)),0)} -> 0 | M18: {=IFERROR(INDEX('Sản phẩm'!$J$4:$J$103,MATCH(B18,'Sản phẩm'!$D$4:$D$103,0)),0)} | N18: =IF(B18="",0,(K18+L18+M18)*'Thiết lập'!$B$8) -> 0 | O18: =IF(B18="",0,SUM(K18:N18)) -> 0 | P18: =IF(B18="",0,F18*O18) -> 0 | Q18: =IF(B18="",0,I18-P18) -> 0 | R18: {=IF(B18="","",INDEX('Bán nhanh'!$C$4:$C$103,INT((ROW()-4)/10)+1))} | S18: {=IF(B18="","",INDEX('Bán nhanh'!$P$4:$P$103,INT((ROW()-4)/10)+1))} | U18: =IF('Mẻ sữa'!C19<>"",'Mẻ sữa'!C19,"") | W18: =IF('Sản phẩm'!D19<>"",'Sản phẩm'!D19,"")
A19: {=IF(B19="","",INDEX('Bán nhanh'!$A$4:$A$103,INT((ROW()-4)/10)+1))} | B19: {=IF(OR(INDEX('Bán nhanh'!$D$3:$M$3,1,MOD(ROW()-4,10)+1)="",INDEX('Bán nhanh'!$D$4:$M$103,INT((ROW()-4)/10)+1,MOD(ROW()-4,10)+1)<=0),"",INDEX('Bán nhanh'!$D$3:$M$3,1,MOD(ROW()-4,10)+1))} | C19: {=IFERROR(INDEX('Sản phẩm'!$A$4:$A$103,MATCH(B19,'Sản phẩm'!$D$4:$D$103,0)),"")} | D19: {=IF(B19="","",INDEX('Bán nhanh'!$B$4:$B$103,INT((ROW()-4)/10)+1))} | E19: {=IFERROR(INDEX('Mẻ sữa'!$B$4:$B$203,MATCH(D19,'Mẻ sữa'!$C$4:$C$203,0)),"")} | F19: {=IF(B19="",0,INDEX('Bán nhanh'!$D$4:$M$103,INT((ROW()-4)/10)+1,MOD(ROW()-4,10)+1))} -> 0 | G19: {=IFERROR(INDEX('Sản phẩm'!$F$4:$F$103,MATCH(B19,'Sản phẩm'!$D$4:$D$103,0)),0)} -> 0 | H19: =0 -> 0 | I19: =IF(B19="",0,F19*G19-H19) -> 0 | J19: {=IFERROR(INDEX('Sản phẩm'!$G$4:$G$103,MATCH(B19,'Sản phẩm'!$D$4:$D$103,0)),0)} -> 0 | K19: {=IFERROR(J19*INDEX('Mẻ sữa'!$N$4:$N$203,MATCH(D19,'Mẻ sữa'!$C$4:$C$203,0)),0)} -> 0 | L19: {=IFERROR(INDEX('Sản phẩm'!$I$4:$I$103,MATCH(B19,'Sản phẩm'!$D$4:$D$103,0)),0)} -> 0 | M19: {=IFERROR(INDEX('Sản phẩm'!$J$4:$J$103,MATCH(B19,'Sản phẩm'!$D$4:$D$103,0)),0)} | N19: =IF(B19="",0,(K19+L19+M19)*'Thiết lập'!$B$8) -> 0 | O19: =IF(B19="",0,SUM(K19:N19)) -> 0 | P19: =IF(B19="",0,F19*O19) -> 0 | Q19: =IF(B19="",0,I19-P19) -> 0 | R19: {=IF(B19="","",INDEX('Bán nhanh'!$C$4:$C$103,INT((ROW()-4)/10)+1))} | S19: {=IF(B19="","",INDEX('Bán nhanh'!$P$4:$P$103,INT((ROW()-4)/10)+1))} | U19: =IF('Mẻ sữa'!C20<>"",'Mẻ sữa'!C20,"") | W19: =IF('Sản phẩm'!D20<>"",'Sản phẩm'!D20,"")
A20: {=IF(B20="","",INDEX('Bán nhanh'!$A$4:$A$103,INT((ROW()-4)/10)+1))} | B20: {=IF(OR(INDEX('Bán nhanh'!$D$3:$M$3,1,MOD(ROW()-4,10)+1)="",INDEX('Bán nhanh'!$D$4:$M$103,INT((ROW()-4)/10)+1,MOD(ROW()-4,10)+1)<=0),"",INDEX('Bán nhanh'!$D$3:$M$3,1,MOD(ROW()-4,10)+1))} | C20: {=IFERROR(INDEX('Sản phẩm'!$A$4:$A$103,MATCH(B20,'Sản phẩm'!$D$4:$D$103,0)),"")} | D20: {=IF(B20="","",INDEX('Bán nhanh'!$B$4:$B$103,INT((ROW()-4)/10)+1))} | E20: {=IFERROR(INDEX('Mẻ sữa'!$B$4:$B$203,MATCH(D20,'Mẻ sữa'!$C$4:$C$203,0)),"")} | F20: {=IF(B20="",0,INDEX('Bán nhanh'!$D$4:$M$103,INT((ROW()-4)/10)+1,MOD(ROW()-4,10)+1))} -> 0 | G20: {=IFERROR(INDEX('Sản phẩm'!$F$4:$F$103,MATCH(B20,'Sản phẩm'!$D$4:$D$103,0)),0)} -> 0 | H20: =0 -> 0 | I20: =IF(B20="",0,F20*G20-H20) -> 0 | J20: {=IFERROR(INDEX('Sản phẩm'!$G$4:$G$103,MATCH(B20,'Sản phẩm'!$D$4:$D$103,0)),0)} -> 0 | K20: {=IFERROR(J20*INDEX('Mẻ sữa'!$N$4:$N$203,MATCH(D20,'Mẻ sữa'!$C$4:$C$203,0)),0)} -> 0 | L20: {=IFERROR(INDEX('Sản phẩm'!$I$4:$I$103,MATCH(B20,'Sản phẩm'!$D$4:$D$103,0)),0)} -> 0 | M20: {=IFERROR(INDEX('Sản phẩm'!$J$4:$J$103,MATCH(B20,'Sản phẩm'!$D$4:$D$103,0)),0)} | N20: =IF(B20="",0,(K20+L20+M20)*'Thiết lập'!$B$8) -> 0 | O20: =IF(B20="",0,SUM(K20:N20)) -> 0 | P20: =IF(B20="",0,F20*O20) -> 0 | Q20: =IF(B20="",0,I20-P20) -> 0 | R20: {=IF(B20="","",INDEX('Bán nhanh'!$C$4:$C$103,INT((ROW()-4)/10)+1))} | S20: {=IF(B20="","",INDEX('Bán nhanh'!$P$4:$P$103,INT((ROW()-4)/10)+1))} | U20: =IF('Mẻ sữa'!C21<>"",'Mẻ sữa'!C21,"") | W20: =IF('Sản phẩm'!D21<>"",'Sản phẩm'!D21,"")
A21: {=IF(B21="","",INDEX('Bán nhanh'!$A$4:$A$103,INT((ROW()-4)/10)+1))} | B21: {=IF(OR(INDEX('Bán nhanh'!$D$3:$M$3,1,MOD(ROW()-4,10)+1)="",INDEX('Bán nhanh'!$D$4:$M$103,INT((ROW()-4)/10)+1,MOD(ROW()-4,10)+1)<=0),"",INDEX('Bán nhanh'!$D$3:$M$3,1,MOD(ROW()-4,10)+1))} | C21: {=IFERROR(INDEX('Sản phẩm'!$A$4:$A$103,MATCH(B21,'Sản phẩm'!$D$4:$D$103,0)),"")} | D21: {=IF(B21="","",INDEX('Bán nhanh'!$B$4:$B$103,INT((ROW()-4)/10)+1))} | E21: {=IFERROR(INDEX('Mẻ sữa'!$B$4:$B$203,MATCH(D21,'Mẻ sữa'!$C$4:$C$203,0)),"")} | F21: {=IF(B21="",0,INDEX('Bán nhanh'!$D$4:$M$103,INT((ROW()-4)/10)+1,MOD(ROW()-4,10)+1))} -> 0 | G21: {=IFERROR(INDEX('Sản phẩm'!$F$4:$F$103,MATCH(B21,'Sản phẩm'!$D$4:$D$103,0)),0)} -> 0 | H21: =0 -> 0 | I21: =IF(B21="",0,F21*G21-H21) -> 0 | J21: {=IFERROR(INDEX('Sản phẩm'!$G$4:$G$103,MATCH(B21,'Sản phẩm'!$D$4:$D$103,0)),0)} -> 0 | K21: {=IFERROR(J21*INDEX('Mẻ sữa'!$N$4:$N$203,MATCH(D21,'Mẻ sữa'!$C$4:$C$203,0)),0)} -> 0 | L21: {=IFERROR(INDEX('Sản phẩm'!$I$4:$I$103,MATCH(B21,'Sản phẩm'!$D$4:$D$103,0)),0)} -> 0 | M21: {=IFERROR(INDEX('Sản phẩm'!$J$4:$J$103,MATCH(B21,'Sản phẩm'!$D$4:$D$103,0)),0)} | N21: =IF(B21="",0,(K21+L21+M21)*'Thiết lập'!$B$8) -> 0 | O21: =IF(B21="",0,SUM(K21:N21)) -> 0 | P21: =IF(B21="",0,F21*O21) -> 0 | Q21: =IF(B21="",0,I21-P21) -> 0 | R21: {=IF(B21="","",INDEX('Bán nhanh'!$C$4:$C$103,INT((ROW()-4)/10)+1))} | S21: {=IF(B21="","",INDEX('Bán nhanh'!$P$4:$P$103,INT((ROW()-4)/10)+1))} | U21: =IF('Mẻ sữa'!C22<>"",'Mẻ sữa'!C22,"") | W21: =IF('Sản phẩm'!D22<>"",'Sản phẩm'!D22,"")
A22: {=IF(B22="","",INDEX('Bán nhanh'!$A$4:$A$103,INT((ROW()-4)/10)+1))} | B22: {=IF(OR(INDEX('Bán nhanh'!$D$3:$M$3,1,MOD(ROW()-4,10)+1)="",INDEX('Bán nhanh'!$D$4:$M$103,INT((ROW()-4)/10)+1,MOD(ROW()-4,10)+1)<=0),"",INDEX('Bán nhanh'!$D$3:$M$3,1,MOD(ROW()-4,10)+1))} | C22: {=IFERROR(INDEX('Sản phẩm'!$A$4:$A$103,MATCH(B22,'Sản phẩm'!$D$4:$D$103,0)),"")} | D22: {=IF(B22="","",INDEX('Bán nhanh'!$B$4:$B$103,INT((ROW()-4)/10)+1))} | E22: {=IFERROR(INDEX('Mẻ sữa'!$B$4:$B$203,MATCH(D22,'Mẻ sữa'!$C$4:$C$203,0)),"")} | F22: {=IF(B22="",0,INDEX('Bán nhanh'!$D$4:$M$103,INT((ROW()-4)/10)+1,MOD(ROW()-4,10)+1))} -> 0 | G22: {=IFERROR(INDEX('Sản phẩm'!$F$4:$F$103,MATCH(B22,'Sản phẩm'!$D$4:$D$103,0)),0)} -> 0 | H22: =0 -> 0 | I22: =IF(B22="",0,F22*G22-H22) -> 0 | J22: {=IFERROR(INDEX('Sản phẩm'!$G$4:$G$103,MATCH(B22,'Sản phẩm'!$D$4:$D$103,0)),0)} -> 0 | K22: {=IFERROR(J22*INDEX('Mẻ sữa'!$N$4:$N$203,MATCH(D22,'Mẻ sữa'!$C$4:$C$203,0)),0)} -> 0 | L22: {=IFERROR(INDEX('Sản phẩm'!$I$4:$I$103,MATCH(B22,'Sản phẩm'!$D$4:$D$103,0)),0)} -> 0 | M22: {=IFERROR(INDEX('Sản phẩm'!$J$4:$J$103,MATCH(B22,'Sản phẩm'!$D$4:$D$103,0)),0)} | N22: =IF(B22="",0,(K22+L22+M22)*'Thiết lập'!$B$8) -> 0 | O22: =IF(B22="",0,SUM(K22:N22)) -> 0 | P22: =IF(B22="",0,F22*O22) -> 0 | Q22: =IF(B22="",0,I22-P22) -> 0 | R22: {=IF(B22="","",INDEX('Bán nhanh'!$C$4:$C$103,INT((ROW()-4)/10)+1))} | S22: {=IF(B22="","",INDEX('Bán nhanh'!$P$4:$P$103,INT((ROW()-4)/10)+1))} | U22: =IF('Mẻ sữa'!C23<>"",'Mẻ sữa'!C23,"") | W22: =IF('Sản phẩm'!D23<>"",'Sản phẩm'!D23,"")
A23: {=IF(B23="","",INDEX('Bán nhanh'!$A$4:$A$103,INT((ROW()-4)/10)+1))} | B23: {=IF(OR(INDEX('Bán nhanh'!$D$3:$M$3,1,MOD(ROW()-4,10)+1)="",INDEX('Bán nhanh'!$D$4:$M$103,INT((ROW()-4)/10)+1,MOD(ROW()-4,10)+1)<=0),"",INDEX('Bán nhanh'!$D$3:$M$3,1,MOD(ROW()-4,10)+1))} | C23: {=IFERROR(INDEX('Sản phẩm'!$A$4:$A$103,MATCH(B23,'Sản phẩm'!$D$4:$D$103,0)),"")} | D23: {=IF(B23="","",INDEX('Bán nhanh'!$B$4:$B$103,INT((ROW()-4)/10)+1))} | E23: {=IFERROR(INDEX('Mẻ sữa'!$B$4:$B$203,MATCH(D23,'Mẻ sữa'!$C$4:$C$203,0)),"")} | F23: {=IF(B23="",0,INDEX('Bán nhanh'!$D$4:$M$103,INT((ROW()-4)/10)+1,MOD(ROW()-4,10)+1))} -> 0 | G23: {=IFERROR(INDEX('Sản phẩm'!$F$4:$F$103,MATCH(B23,'Sản phẩm'!$D$4:$D$103,0)),0)} -> 0 | H23: =0 -> 0 | I23: =IF(B23="",0,F23*G23-H23) -> 0 | J23: {=IFERROR(INDEX('Sản phẩm'!$G$4:$G$103,MATCH(B23,'Sản phẩm'!$D$4:$D$103,0)),0)} -> 0 | K23: {=IFERROR(J23*INDEX('Mẻ sữa'!$N$4:$N$203,MATCH(D23,'Mẻ sữa'!$C$4:$C$203,0)),0)} -> 0 | L23: {=IFERROR(INDEX('Sản phẩm'!$I$4:$I$103,MATCH(B23,'Sản phẩm'!$D$4:$D$103,0)),0)} -> 0 | M23: {=IFERROR(INDEX('Sản phẩm'!$J$4:$J$103,MATCH(B23,'Sản phẩm'!$D$4:$D$103,0)),0)} | N23: =IF(B23="",0,(K23+L23+M23)*'Thiết lập'!$B$8) -> 0 | O23: =IF(B23="",0,SUM(K23:N23)) -> 0 | P23: =IF(B23="",0,F23*O23) -> 0 | Q23: =IF(B23="",0,I23-P23) -> 0 | R23: {=IF(B23="","",INDEX('Bán nhanh'!$C$4:$C$103,INT((ROW()-4)/10)+1))} | S23: {=IF(B23="","",INDEX('Bán nhanh'!$P$4:$P$103,INT((ROW()-4)/10)+1))} | U23: =IF('Mẻ sữa'!C24<>"",'Mẻ sữa'!C24,"") | W23: =IF('Sản phẩm'!D24<>"",'Sản phẩm'!D24,"")
A24: {=IF(B24="","",INDEX('Bán nhanh'!$A$4:$A$103,INT((ROW()-4)/10)+1))} | B24: {=IF(OR(INDEX('Bán nhanh'!$D$3:$M$3,1,MOD(ROW()-4,10)+1)="",INDEX('Bán nhanh'!$D$4:$M$103,INT((ROW()-4)/10)+1,MOD(ROW()-4,10)+1)<=0),"",INDEX('Bán nhanh'!$D$3:$M$3,1,MOD(ROW()-4,10)+1))} | C24: {=IFERROR(INDEX('Sản phẩm'!$A$4:$A$103,MATCH(B24,'Sản phẩm'!$D$4:$D$103,0)),"")} | D24: {=IF(B24="","",INDEX('Bán nhanh'!$B$4:$B$103,INT((ROW()-4)/10)+1))} | E24: {=IFERROR(INDEX('Mẻ sữa'!$B$4:$B$203,MATCH(D24,'Mẻ sữa'!$C$4:$C$203,0)),"")} | F24: {=IF(B24="",0,INDEX('Bán nhanh'!$D$4:$M$103,INT((ROW()-4)/10)+1,MOD(ROW()-4,10)+1))} -> 0 | G24: {=IFERROR(INDEX('Sản phẩm'!$F$4:$F$103,MATCH(B24,'Sản phẩm'!$D$4:$D$103,0)),0)} -> 0 | H24: =0 -> 0 | I24: =IF(B24="",0,F24*G24-H24) -> 0 | J24: {=IFERROR(INDEX('Sản phẩm'!$G$4:$G$103,MATCH(B24,'Sản phẩm'!$D$4:$D$103,0)),0)} -> 0 | K24: {=IFERROR(J24*INDEX('Mẻ sữa'!$N$4:$N$203,MATCH(D24,'Mẻ sữa'!$C$4:$C$203,0)),0)} -> 0 | L24: {=IFERROR(INDEX('Sản phẩm'!$I$4:$I$103,MATCH(B24,'Sản phẩm'!$D$4:$D$103,0)),0)} -> 0 | M24: {=IFERROR(INDEX('Sản phẩm'!$J$4:$J$103,MATCH(B24,'Sản phẩm'!$D$4:$D$103,0)),0)} | N24: =IF(B24="",0,(K24+L24+M24)*'Thiết lập'!$B$8) -> 0 | O24: =IF(B24="",0,SUM(K24:N24)) -> 0 | P24: =IF(B24="",0,F24*O24) -> 0 | Q24: =IF(B24="",0,I24-P24) -> 0 | R24: {=IF(B24="","",INDEX('Bán nhanh'!$C$4:$C$103,INT((ROW()-4)/10)+1))} | S24: {=IF(B24="","",INDEX('Bán nhanh'!$P$4:$P$103,INT((ROW()-4)/10)+1))} | U24: =IF('Mẻ sữa'!C25<>"",'Mẻ sữa'!C25,"") | W24: =IF('Sản phẩm'!D25<>"",'Sản phẩm'!D25,"")
A25: {=IF(B25="","",INDEX('Bán nhanh'!$A$4:$A$103,INT((ROW()-4)/10)+1))} | B25: {=IF(OR(INDEX('Bán nhanh'!$D$3:$M$3,1,MOD(ROW()-4,10)+1)="",INDEX('Bán nhanh'!$D$4:$M$103,INT((ROW()-4)/10)+1,MOD(ROW()-4,10)+1)<=0),"",INDEX('Bán nhanh'!$D$3:$M$3,1,MOD(ROW()-4,10)+1))} | C25: {=IFERROR(INDEX('Sản phẩm'!$A$4:$A$103,MATCH(B25,'Sản phẩm'!$D$4:$D$103,0)),"")} | D25: {=IF(B25="","",INDEX('Bán nhanh'!$B$4:$B$103,INT((ROW()-4)/10)+1))} | E25: {=IFERROR(INDEX('Mẻ sữa'!$B$4:$B$203,MATCH(D25,'Mẻ sữa'!$C$4:$C$203,0)),"")} | F25: {=IF(B25="",0,INDEX('Bán nhanh'!$D$4:$M$103,INT((ROW()-4)/10)+1,MOD(ROW()-4,10)+1))} -> 0 | G25: {=IFERROR(INDEX('Sản phẩm'!$F$4:$F$103,MATCH(B25,'Sản phẩm'!$D$4:$D$103,0)),0)} -> 0 | H25: =0 -> 0 | I25: =IF(B25="",0,F25*G25-H25) -> 0 | J25: {=IFERROR(INDEX('Sản phẩm'!$G$4:$G$103,MATCH(B25,'Sản phẩm'!$D$4:$D$103,0)),0)} -> 0 | K25: {=IFERROR(J25*INDEX('Mẻ sữa'!$N$4:$N$203,MATCH(D25,'Mẻ sữa'!$C$4:$C$203,0)),0)} -> 0 | L25: {=IFERROR(INDEX('Sản phẩm'!$I$4:$I$103,MATCH(B25,'Sản phẩm'!$D$4:$D$103,0)),0)} -> 0 | M25: {=IFERROR(INDEX('Sản phẩm'!$J$4:$J$103,MATCH(B25,'Sản phẩm'!$D$4:$D$103,0)),0)} | N25: =IF(B25="",0,(K25+L25+M25)*'Thiết lập'!$B$8) -> 0 | O25: =IF(B25="",0,SUM(K25:N25)) -> 0 | P25: =IF(B25="",0,F25*O25) -> 0 | Q25: =IF(B25="",0,I25-P25) -> 0 | R25: {=IF(B25="","",INDEX('Bán nhanh'!$C$4:$C$103,INT((ROW()-4)/10)+1))} | S25: {=IF(B25="","",INDEX('Bán nhanh'!$P$4:$P$103,INT((ROW()-4)/10)+1))} | U25: =IF('Mẻ sữa'!C26<>"",'Mẻ sữa'!C26,"") | W25: =IF('Sản phẩm'!D26<>"",'Sản phẩm'!D26,"")
A26: {=IF(B26="","",INDEX('Bán nhanh'!$A$4:$A$103,INT((ROW()-4)/10)+1))} | B26: {=IF(OR(INDEX('Bán nhanh'!$D$3:$M$3,1,MOD(ROW()-4,10)+1)="",INDEX('Bán nhanh'!$D$4:$M$103,INT((ROW()-4)/10)+1,MOD(ROW()-4,10)+1)<=0),"",INDEX('Bán nhanh'!$D$3:$M$3,1,MOD(ROW()-4,10)+1))} | C26: {=IFERROR(INDEX('Sản phẩm'!$A$4:$A$103,MATCH(B26,'Sản phẩm'!$D$4:$D$103,0)),"")} | D26: {=IF(B26="","",INDEX('Bán nhanh'!$B$4:$B$103,INT((ROW()-4)/10)+1))} | E26: {=IFERROR(INDEX('Mẻ sữa'!$B$4:$B$203,MATCH(D26,'Mẻ sữa'!$C$4:$C$203,0)),"")} | F26: {=IF(B26="",0,INDEX('Bán nhanh'!$D$4:$M$103,INT((ROW()-4)/10)+1,MOD(ROW()-4,10)+1))} -> 0 | G26: {=IFERROR(INDEX('Sản phẩm'!$F$4:$F$103,MATCH(B26,'Sản phẩm'!$D$4:$D$103,0)),0)} -> 0 | H26: =0 -> 0 | I26: =IF(B26="",0,F26*G26-H26) -> 0 | J26: {=IFERROR(INDEX('Sản phẩm'!$G$4:$G$103,MATCH(B26,'Sản phẩm'!$D$4:$D$103,0)),0)} -> 0 | K26: {=IFERROR(J26*INDEX('Mẻ sữa'!$N$4:$N$203,MATCH(D26,'Mẻ sữa'!$C$4:$C$203,0)),0)} -> 0 | L26: {=IFERROR(INDEX('Sản phẩm'!$I$4:$I$103,MATCH(B26,'Sản phẩm'!$D$4:$D$103,0)),0)} -> 0 | M26: {=IFERROR(INDEX('Sản phẩm'!$J$4:$J$103,MATCH(B26,'Sản phẩm'!$D$4:$D$103,0)),0)} | N26: =IF(B26="",0,(K26+L26+M26)*'Thiết lập'!$B$8) -> 0 | O26: =IF(B26="",0,SUM(K26:N26)) -> 0 | P26: =IF(B26="",0,F26*O26) -> 0 | Q26: =IF(B26="",0,I26-P26) -> 0 | R26: {=IF(B26="","",INDEX('Bán nhanh'!$C$4:$C$103,INT((ROW()-4)/10)+1))} | S26: {=IF(B26="","",INDEX('Bán nhanh'!$P$4:$P$103,INT((ROW()-4)/10)+1))} | U26: =IF('Mẻ sữa'!F27<>"",'Mẻ sữa'!F27,"") | W26: =IF('Sản phẩm'!D27<>"",'Sản phẩm'!D27,"")
A27: {=IF(B27="","",INDEX('Bán nhanh'!$A$4:$A$103,INT((ROW()-4)/10)+1))} | B27: {=IF(OR(INDEX('Bán nhanh'!$D$3:$M$3,1,MOD(ROW()-4,10)+1)="",INDEX('Bán nhanh'!$D$4:$M$103,INT((ROW()-4)/10)+1,MOD(ROW()-4,10)+1)<=0),"",INDEX('Bán nhanh'!$D$3:$M$3,1,MOD(ROW()-4,10)+1))} | C27: {=IFERROR(INDEX('Sản phẩm'!$A$4:$A$103,MATCH(B27,'Sản phẩm'!$D$4:$D$103,0)),"")} | D27: {=IF(B27="","",INDEX('Bán nhanh'!$B$4:$B$103,INT((ROW()-4)/10)+1))} | E27: {=IFERROR(INDEX('Mẻ sữa'!$B$4:$B$203,MATCH(D27,'Mẻ sữa'!$C$4:$C$203,0)),"")} | F27: {=IF(B27="",0,INDEX('Bán nhanh'!$D$4:$M$103,INT((ROW()-4)/10)+1,MOD(ROW()-4,10)+1))} -> 0 | G27: {=IFERROR(INDEX('Sản phẩm'!$F$4:$F$103,MATCH(B27,'Sản phẩm'!$D$4:$D$103,0)),0)} -> 0 | H27: =0 -> 0 | I27: =IF(B27="",0,F27*G27-H27) -> 0 | J27: {=IFERROR(INDEX('Sản phẩm'!$G$4:$G$103,MATCH(B27,'Sản phẩm'!$D$4:$D$103,0)),0)} -> 0 | K27: {=IFERROR(J27*INDEX('Mẻ sữa'!$N$4:$N$203,MATCH(D27,'Mẻ sữa'!$C$4:$C$203,0)),0)} -> 0 | L27: {=IFERROR(INDEX('Sản phẩm'!$I$4:$I$103,MATCH(B27,'Sản phẩm'!$D$4:$D$103,0)),0)} -> 0 | M27: {=IFERROR(INDEX('Sản phẩm'!$J$4:$J$103,MATCH(B27,'Sản phẩm'!$D$4:$D$103,0)),0)} | N27: =IF(B27="",0,(K27+L27+M27)*'Thiết lập'!$B$8) -> 0 | O27: =IF(B27="",0,SUM(K27:N27)) -> 0 | P27: =IF(B27="",0,F27*O27) -> 0 | Q27: =IF(B27="",0,I27-P27) -> 0 | R27: {=IF(B27="","",INDEX('Bán nhanh'!$C$4:$C$103,INT((ROW()-4)/10)+1))} | S27: {=IF(B27="","",INDEX('Bán nhanh'!$P$4:$P$103,INT((ROW()-4)/10)+1))} | U27: =IF('Mẻ sữa'!F28<>"",'Mẻ sữa'!F28,"") | W27: =IF('Sản phẩm'!D28<>"",'Sản phẩm'!D28,"")
A28: {=IF(B28="","",INDEX('Bán nhanh'!$A$4:$A$103,INT((ROW()-4)/10)+1))} | B28: {=IF(OR(INDEX('Bán nhanh'!$D$3:$M$3,1,MOD(ROW()-4,10)+1)="",INDEX('Bán nhanh'!$D$4:$M$103,INT((ROW()-4)/10)+1,MOD(ROW()-4,10)+1)<=0),"",INDEX('Bán nhanh'!$D$3:$M$3,1,MOD(ROW()-4,10)+1))} | C28: {=IFERROR(INDEX('Sản phẩm'!$A$4:$A$103,MATCH(B28,'Sản phẩm'!$D$4:$D$103,0)),"")} | D28: {=IF(B28="","",INDEX('Bán nhanh'!$B$4:$B$103,INT((ROW()-4)/10)+1))} | E28: {=IFERROR(INDEX('Mẻ sữa'!$B$4:$B$203,MATCH(D28,'Mẻ sữa'!$C$4:$C$203,0)),"")} | F28: {=IF(B28="",0,INDEX('Bán nhanh'!$D$4:$M$103,INT((ROW()-4)/10)+1,MOD(ROW()-4,10)+1))} -> 0 | G28: {=IFERROR(INDEX('Sản phẩm'!$F$4:$F$103,MATCH(B28,'Sản phẩm'!$D$4:$D$103,0)),0)} -> 0 | H28: =0 -> 0 | I28: =IF(B28="",0,F28*G28-H28) -> 0 | J28: {=IFERROR(INDEX('Sản phẩm'!$G$4:$G$103,MATCH(B28,'Sản phẩm'!$D$4:$D$103,0)),0)} -> 0 | K28: {=IFERROR(J28*INDEX('Mẻ sữa'!$N$4:$N$203,MATCH(D28,'Mẻ sữa'!$C$4:$C$203,0)),0)} -> 0 | L28: {=IFERROR(INDEX('Sản phẩm'!$I$4:$I$103,MATCH(B28,'Sản phẩm'!$D$4:$D$103,0)),0)} -> 0 | M28: {=IFERROR(INDEX('Sản phẩm'!$J$4:$J$103,MATCH(B28,'Sản phẩm'!$D$4:$D$103,0)),0)} | N28: =IF(B28="",0,(K28+L28+M28)*'Thiết lập'!$B$8) -> 0 | O28: =IF(B28="",0,SUM(K28:N28)) -> 0 | P28: =IF(B28="",0,F28*O28) -> 0 | Q28: =IF(B28="",0,I28-P28) -> 0 | R28: {=IF(B28="","",INDEX('Bán nhanh'!$C$4:$C$103,INT((ROW()-4)/10)+1))} | S28: {=IF(B28="","",INDEX('Bán nhanh'!$P$4:$P$103,INT((ROW()-4)/10)+1))} | U28: =IF('Mẻ sữa'!F29<>"",'Mẻ sữa'!F29,"") | W28: =IF('Sản phẩm'!D29<>"",'Sản phẩm'!D29,"")
A29: {=IF(B29="","",INDEX('Bán nhanh'!$A$4:$A$103,INT((ROW()-4)/10)+1))} | B29: {=IF(OR(INDEX('Bán nhanh'!$D$3:$M$3,1,MOD(ROW()-4,10)+1)="",INDEX('Bán nhanh'!$D$4:$M$103,INT((ROW()-4)/10)+1,MOD(ROW()-4,10)+1)<=0),"",INDEX('Bán nhanh'!$D$3:$M$3,1,MOD(ROW()-4,10)+1))} | C29: {=IFERROR(INDEX('Sản phẩm'!$A$4:$A$103,MATCH(B29,'Sản phẩm'!$D$4:$D$103,0)),"")} | D29: {=IF(B29="","",INDEX('Bán nhanh'!$B$4:$B$103,INT((ROW()-4)/10)+1))} | E29: {=IFERROR(INDEX('Mẻ sữa'!$B$4:$B$203,MATCH(D29,'Mẻ sữa'!$C$4:$C$203,0)),"")} | F29: {=IF(B29="",0,INDEX('Bán nhanh'!$D$4:$M$103,INT((ROW()-4)/10)+1,MOD(ROW()-4,10)+1))} -> 0 | G29: {=IFERROR(INDEX('Sản phẩm'!$F$4:$F$103,MATCH(B29,'Sản phẩm'!$D$4:$D$103,0)),0)} -> 0 | H29: =0 -> 0 | I29: =IF(B29="",0,F29*G29-H29) -> 0 | J29: {=IFERROR(INDEX('Sản phẩm'!$G$4:$G$103,MATCH(B29,'Sản phẩm'!$D$4:$D$103,0)),0)} -> 0 | K29: {=IFERROR(J29*INDEX('Mẻ sữa'!$N$4:$N$203,MATCH(D29,'Mẻ sữa'!$C$4:$C$203,0)),0)} -> 0 | L29: {=IFERROR(INDEX('Sản phẩm'!$I$4:$I$103,MATCH(B29,'Sản phẩm'!$D$4:$D$103,0)),0)} -> 0 | M29: {=IFERROR(INDEX('Sản phẩm'!$J$4:$J$103,MATCH(B29,'Sản phẩm'!$D$4:$D$103,0)),0)} | N29: =IF(B29="",0,(K29+L29+M29)*'Thiết lập'!$B$8) -> 0 | O29: =IF(B29="",0,SUM(K29:N29)) -> 0 | P29: =IF(B29="",0,F29*O29) -> 0 | Q29: =IF(B29="",0,I29-P29) -> 0 | R29: {=IF(B29="","",INDEX('Bán nhanh'!$C$4:$C$103,INT((ROW()-4)/10)+1))} | S29: {=IF(B29="","",INDEX('Bán nhanh'!$P$4:$P$103,INT((ROW()-4)/10)+1))} | U29: =IF('Mẻ sữa'!F30<>"",'Mẻ sữa'!F30,"") | W29: =IF('Sản phẩm'!D30<>"",'Sản phẩm'!D30,"")
A30: {=IF(B30="","",INDEX('Bán nhanh'!$A$4:$A$103,INT((ROW()-4)/10)+1))} | B30: {=IF(OR(INDEX('Bán nhanh'!$D$3:$M$3,1,MOD(ROW()-4,10)+1)="",INDEX('Bán nhanh'!$D$4:$M$103,INT((ROW()-4)/10)+1,MOD(ROW()-4,10)+1)<=0),"",INDEX('Bán nhanh'!$D$3:$M$3,1,MOD(ROW()-4,10)+1))} | C30: {=IFERROR(INDEX('Sản phẩm'!$A$4:$A$103,MATCH(B30,'Sản phẩm'!$D$4:$D$103,0)),"")} | D30: {=IF(B30="","",INDEX('Bán nhanh'!$B$4:$B$103,INT((ROW()-4)/10)+1))} | E30: {=IFERROR(INDEX('Mẻ sữa'!$B$4:$B$203,MATCH(D30,'Mẻ sữa'!$C$4:$C$203,0)),"")} | F30: {=IF(B30="",0,INDEX('Bán nhanh'!$D$4:$M$103,INT((ROW()-4)/10)+1,MOD(ROW()-4,10)+1))} -> 0 | G30: {=IFERROR(INDEX('Sản phẩm'!$F$4:$F$103,MATCH(B30,'Sản phẩm'!$D$4:$D$103,0)),0)} -> 0 | H30: =0 -> 0 | I30: =IF(B30="",0,F30*G30-H30) -> 0 | J30: {=IFERROR(INDEX('Sản phẩm'!$G$4:$G$103,MATCH(B30,'Sản phẩm'!$D$4:$D$103,0)),0)} -> 0 | K30: {=IFERROR(J30*INDEX('Mẻ sữa'!$N$4:$N$203,MATCH(D30,'Mẻ sữa'!$C$4:$C$203,0)),0)} -> 0 | L30: {=IFERROR(INDEX('Sản phẩm'!$I$4:$I$103,MATCH(B30,'Sản phẩm'!$D$4:$D$103,0)),0)} -> 0 | M30: {=IFERROR(INDEX('Sản phẩm'!$J$4:$J$103,MATCH(B30,'Sản phẩm'!$D$4:$D$103,0)),0)} | N30: =IF(B30="",0,(K30+L30+M30)*'Thiết lập'!$B$8) -> 0 | O30: =IF(B30="",0,SUM(K30:N30)) -> 0 | P30: =IF(B30="",0,F30*O30) -> 0 | Q30: =IF(B30="",0,I30-P30) -> 0 | R30: {=IF(B30="","",INDEX('Bán nhanh'!$C$4:$C$103,INT((ROW()-4)/10)+1))} | S30: {=IF(B30="","",INDEX('Bán nhanh'!$P$4:$P$103,INT((ROW()-4)/10)+1))} | U30: =IF('Mẻ sữa'!F31<>"",'Mẻ sữa'!F31,"") | W30: =IF('Sản phẩm'!D31<>"",'Sản phẩm'!D31,"")
A31: {=IF(B31="","",INDEX('Bán nhanh'!$A$4:$A$103,INT((ROW()-4)/10)+1))} | B31: {=IF(OR(INDEX('Bán nhanh'!$D$3:$M$3,1,MOD(ROW()-4,10)+1)="",INDEX('Bán nhanh'!$D$4:$M$103,INT((ROW()-4)/10)+1,MOD(ROW()-4,10)+1)<=0),"",INDEX('Bán nhanh'!$D$3:$M$3,1,MOD(ROW()-4,10)+1))} | C31: {=IFERROR(INDEX('Sản phẩm'!$A$4:$A$103,MATCH(B31,'Sản phẩm'!$D$4:$D$103,0)),"")} | D31: {=IF(B31="","",INDEX('Bán nhanh'!$B$4:$B$103,INT((ROW()-4)/10)+1))} | E31: {=IFERROR(INDEX('Mẻ sữa'!$B$4:$B$203,MATCH(D31,'Mẻ sữa'!$C$4:$C$203,0)),"")} | F31: {=IF(B31="",0,INDEX('Bán nhanh'!$D$4:$M$103,INT((ROW()-4)/10)+1,MOD(ROW()-4,10)+1))} -> 0 | G31: {=IFERROR(INDEX('Sản phẩm'!$F$4:$F$103,MATCH(B31,'Sản phẩm'!$D$4:$D$103,0)),0)} -> 0 | H31: =0 -> 0 | I31: =IF(B31="",0,F31*G31-H31) -> 0 | J31: {=IFERROR(INDEX('Sản phẩm'!$G$4:$G$103,MATCH(B31,'Sản phẩm'!$D$4:$D$103,0)),0)} -> 0 | K31: {=IFERROR(J31*INDEX('Mẻ sữa'!$N$4:$N$203,MATCH(D31,'Mẻ sữa'!$C$4:$C$203,0)),0)} -> 0 | L31: {=IFERROR(INDEX('Sản phẩm'!$I$4:$I$103,MATCH(B31,'Sản phẩm'!$D$4:$D$103,0)),0)} -> 0 | M31: {=IFERROR(INDEX('Sản phẩm'!$J$4:$J$103,MATCH(B31,'Sản phẩm'!$D$4:$D$103,0)),0)} | N31: =IF(B31="",0,(K31+L31+M31)*'Thiết lập'!$B$8) -> 0 | O31: =IF(B31="",0,SUM(K31:N31)) -> 0 | P31: =IF(B31="",0,F31*O31) -> 0 | Q31: =IF(B31="",0,I31-P31) -> 0 | R31: {=IF(B31="","",INDEX('Bán nhanh'!$C$4:$C$103,INT((ROW()-4)/10)+1))} | S31: {=IF(B31="","",INDEX('Bán nhanh'!$P$4:$P$103,INT((ROW()-4)/10)+1))} | U31: =IF('Mẻ sữa'!F32<>"",'Mẻ sữa'!F32,"") | W31: =IF('Sản phẩm'!D32<>"",'Sản phẩm'!D32,"")
A32: {=IF(B32="","",INDEX('Bán nhanh'!$A$4:$A$103,INT((ROW()-4)/10)+1))} | B32: {=IF(OR(INDEX('Bán nhanh'!$D$3:$M$3,1,MOD(ROW()-4,10)+1)="",INDEX('Bán nhanh'!$D$4:$M$103,INT((ROW()-4)/10)+1,MOD(ROW()-4,10)+1)<=0),"",INDEX('Bán nhanh'!$D$3:$M$3,1,MOD(ROW()-4,10)+1))} | C32: {=IFERROR(INDEX('Sản phẩm'!$A$4:$A$103,MATCH(B32,'Sản phẩm'!$D$4:$D$103,0)),"")} | D32: {=IF(B32="","",INDEX('Bán nhanh'!$B$4:$B$103,INT((ROW()-4)/10)+1))} | E32: {=IFERROR(INDEX('Mẻ sữa'!$B$4:$B$203,MATCH(D32,'Mẻ sữa'!$C$4:$C$203,0)),"")} | F32: {=IF(B32="",0,INDEX('Bán nhanh'!$D$4:$M$103,INT((ROW()-4)/10)+1,MOD(ROW()-4,10)+1))} -> 0 | G32: {=IFERROR(INDEX('Sản phẩm'!$F$4:$F$103,MATCH(B32,'Sản phẩm'!$D$4:$D$103,0)),0)} -> 0 | H32: =0 -> 0 | I32: =IF(B32="",0,F32*G32-H32) -> 0 | J32: {=IFERROR(INDEX('Sản phẩm'!$G$4:$G$103,MATCH(B32,'Sản phẩm'!$D$4:$D$103,0)),0)} -> 0 | K32: {=IFERROR(J32*INDEX('Mẻ sữa'!$N$4:$N$203,MATCH(D32,'Mẻ sữa'!$C$4:$C$203,0)),0)} -> 0 | L32: {=IFERROR(INDEX('Sản phẩm'!$I$4:$I$103,MATCH(B32,'Sản phẩm'!$D$4:$D$103,0)),0)} -> 0 | M32: {=IFERROR(INDEX('Sản phẩm'!$J$4:$J$103,MATCH(B32,'Sản phẩm'!$D$4:$D$103,0)),0)} | N32: =IF(B32="",0,(K32+L32+M32)*'Thiết lập'!$B$8) -> 0 | O32: =IF(B32="",0,SUM(K32:N32)) -> 0 | P32: =IF(B32="",0,F32*O32) -> 0 | Q32: =IF(B32="",0,I32-P32) -> 0 | R32: {=IF(B32="","",INDEX('Bán nhanh'!$C$4:$C$103,INT((ROW()-4)/10)+1))} | S32: {=IF(B32="","",INDEX('Bán nhanh'!$P$4:$P$103,INT((ROW()-4)/10)+1))} | U32: =IF('Mẻ sữa'!F33<>"",'Mẻ sữa'!F33,"") | W32: =IF('Sản phẩm'!D33<>"",'Sản phẩm'!D33,"")
A33: {=IF(B33="","",INDEX('Bán nhanh'!$A$4:$A$103,INT((ROW()-4)/10)+1))} | B33: {=IF(OR(INDEX('Bán nhanh'!$D$3:$M$3,1,MOD(ROW()-4,10)+1)="",INDEX('Bán nhanh'!$D$4:$M$103,INT((ROW()-4)/10)+1,MOD(ROW()-4,10)+1)<=0),"",INDEX('Bán nhanh'!$D$3:$M$3,1,MOD(ROW()-4,10)+1))} | C33: {=IFERROR(INDEX('Sản phẩm'!$A$4:$A$103,MATCH(B33,'Sản phẩm'!$D$4:$D$103,0)),"")} | D33: {=IF(B33="","",INDEX('Bán nhanh'!$B$4:$B$103,INT((ROW()-4)/10)+1))} | E33: {=IFERROR(INDEX('Mẻ sữa'!$B$4:$B$203,MATCH(D33,'Mẻ sữa'!$C$4:$C$203,0)),"")} | F33: {=IF(B33="",0,INDEX('Bán nhanh'!$D$4:$M$103,INT((ROW()-4)/10)+1,MOD(ROW()-4,10)+1))} -> 0 | G33: {=IFERROR(INDEX('Sản phẩm'!$F$4:$F$103,MATCH(B33,'Sản phẩm'!$D$4:$D$103,0)),0)} -> 0 | H33: =0 -> 0 | I33: =IF(B33="",0,F33*G33-H33) -> 0 | J33: {=IFERROR(INDEX('Sản phẩm'!$G$4:$G$103,MATCH(B33,'Sản phẩm'!$D$4:$D$103,0)),0)} -> 0 | K33: {=IFERROR(J33*INDEX('Mẻ sữa'!$N$4:$N$203,MATCH(D33,'Mẻ sữa'!$C$4:$C$203,0)),0)} -> 0 | L33: {=IFERROR(INDEX('Sản phẩm'!$I$4:$I$103,MATCH(B33,'Sản phẩm'!$D$4:$D$103,0)),0)} -> 0 | M33: {=IFERROR(INDEX('Sản phẩm'!$J$4:$J$103,MATCH(B33,'Sản phẩm'!$D$4:$D$103,0)),0)} | N33: =IF(B33="",0,(K33+L33+M33)*'Thiết lập'!$B$8) -> 0 | O33: =IF(B33="",0,SUM(K33:N33)) -> 0 | P33: =IF(B33="",0,F33*O33) -> 0 | Q33: =IF(B33="",0,I33-P33) -> 0 | R33: {=IF(B33="","",INDEX('Bán nhanh'!$C$4:$C$103,INT((ROW()-4)/10)+1))} | S33: {=IF(B33="","",INDEX('Bán nhanh'!$P$4:$P$103,INT((ROW()-4)/10)+1))} | U33: =IF('Mẻ sữa'!F34<>"",'Mẻ sữa'!F34,"") | W33: =IF('Sản phẩm'!D34<>"",'Sản phẩm'!D34,"")
A34: {=IF(B34="","",INDEX('Bán nhanh'!$A$4:$A$103,INT((ROW()-4)/10)+1))} | B34: {=IF(OR(INDEX('Bán nhanh'!$D$3:$M$3,1,MOD(ROW()-4,10)+1)="",INDEX('Bán nhanh'!$D$4:$M$103,INT((ROW()-4)/10)+1,MOD(ROW()-4,10)+1)<=0),"",INDEX('Bán nhanh'!$D$3:$M$3,1,MOD(ROW()-4,10)+1))} | C34: {=IFERROR(INDEX('Sản phẩm'!$A$4:$A$103,MATCH(B34,'Sản phẩm'!$D$4:$D$103,0)),"")} | D34: {=IF(B34="","",INDEX('Bán nhanh'!$B$4:$B$103,INT((ROW()-4)/10)+1))} | E34: {=IFERROR(INDEX('Mẻ sữa'!$B$4:$B$203,MATCH(D34,'Mẻ sữa'!$C$4:$C$203,0)),"")} | F34: {=IF(B34="",0,INDEX('Bán nhanh'!$D$4:$M$103,INT((ROW()-4)/10)+1,MOD(ROW()-4,10)+1))} -> 0 | G34: {=IFERROR(INDEX('Sản phẩm'!$F$4:$F$103,MATCH(B34,'Sản phẩm'!$D$4:$D$103,0)),0)} -> 0 | H34: =0 -> 0 | I34: =IF(B34="",0,F34*G34-H34) -> 0 | J34: {=IFERROR(INDEX('Sản phẩm'!$G$4:$G$103,MATCH(B34,'Sản phẩm'!$D$4:$D$103,0)),0)} -> 0 | K34: {=IFERROR(J34*INDEX('Mẻ sữa'!$N$4:$N$203,MATCH(D34,'Mẻ sữa'!$C$4:$C$203,0)),0)} -> 0 | L34: {=IFERROR(INDEX('Sản phẩm'!$I$4:$I$103,MATCH(B34,'Sản phẩm'!$D$4:$D$103,0)),0)} -> 0 | M34: {=IFERROR(INDEX('Sản phẩm'!$J$4:$J$103,MATCH(B34,'Sản phẩm'!$D$4:$D$103,0)),0)} | N34: =IF(B34="",0,(K34+L34+M34)*'Thiết lập'!$B$8) -> 0 | O34: =IF(B34="",0,SUM(K34:N34)) -> 0 | P34: =IF(B34="",0,F34*O34) -> 0 | Q34: =IF(B34="",0,I34-P34) -> 0 | R34: {=IF(B34="","",INDEX('Bán nhanh'!$C$4:$C$103,INT((ROW()-4)/10)+1))} | S34: {=IF(B34="","",INDEX('Bán nhanh'!$P$4:$P$103,INT((ROW()-4)/10)+1))} | U34: =IF('Mẻ sữa'!F35<>"",'Mẻ sữa'!F35,"") | W34: =IF('Sản phẩm'!D35<>"",'Sản phẩm'!D35,"")
A35: {=IF(B35="","",INDEX('Bán nhanh'!$A$4:$A$103,INT((ROW()-4)/10)+1))} | B35: {=IF(OR(INDEX('Bán nhanh'!$D$3:$M$3,1,MOD(ROW()-4,10)+1)="",INDEX('Bán nhanh'!$D$4:$M$103,INT((ROW()-4)/10)+1,MOD(ROW()-4,10)+1)<=0),"",INDEX('Bán nhanh'!$D$3:$M$3,1,MOD(ROW()-4,10)+1))} | C35: {=IFERROR(INDEX('Sản phẩm'!$A$4:$A$103,MATCH(B35,'Sản phẩm'!$D$4:$D$103,0)),"")} | D35: {=IF(B35="","",INDEX('Bán nhanh'!$B$4:$B$103,INT((ROW()-4)/10)+1))} | E35: {=IFERROR(INDEX('Mẻ sữa'!$B$4:$B$203,MATCH(D35,'Mẻ sữa'!$C$4:$C$203,0)),"")} | F35: {=IF(B35="",0,INDEX('Bán nhanh'!$D$4:$M$103,INT((ROW()-4)/10)+1,MOD(ROW()-4,10)+1))} -> 0 | G35: {=IFERROR(INDEX('Sản phẩm'!$F$4:$F$103,MATCH(B35,'Sản phẩm'!$D$4:$D$103,0)),0)} -> 0 | H35: =0 -> 0 | I35: =IF(B35="",0,F35*G35-H35) -> 0 | J35: {=IFERROR(INDEX('Sản phẩm'!$G$4:$G$103,MATCH(B35,'Sản phẩm'!$D$4:$D$103,0)),0)} -> 0 | K35: {=IFERROR(J35*INDEX('Mẻ sữa'!$N$4:$N$203,MATCH(D35,'Mẻ sữa'!$C$4:$C$203,0)),0)} -> 0 | L35: {=IFERROR(INDEX('Sản phẩm'!$I$4:$I$103,MATCH(B35,'Sản phẩm'!$D$4:$D$103,0)),0)} -> 0 | M35: {=IFERROR(INDEX('Sản phẩm'!$J$4:$J$103,MATCH(B35,'Sản phẩm'!$D$4:$D$103,0)),0)} | N35: =IF(B35="",0,(K35+L35+M35)*'Thiết lập'!$B$8) -> 0 | O35: =IF(B35="",0,SUM(K35:N35)) -> 0 | P35: =IF(B35="",0,F35*O35) -> 0 | Q35: =IF(B35="",0,I35-P35) -> 0 | R35: {=IF(B35="","",INDEX('Bán nhanh'!$C$4:$C$103,INT((ROW()-4)/10)+1))} | S35: {=IF(B35="","",INDEX('Bán nhanh'!$P$4:$P$103,INT((ROW()-4)/10)+1))} | U35: =IF('Mẻ sữa'!F36<>"",'Mẻ sữa'!F36,"") | W35: =IF('Sản phẩm'!D36<>"",'Sản phẩm'!D36,"")
A36: {=IF(B36="","",INDEX('Bán nhanh'!$A$4:$A$103,INT((ROW()-4)/10)+1))} | B36: {=IF(OR(INDEX('Bán nhanh'!$D$3:$M$3,1,MOD(ROW()-4,10)+1)="",INDEX('Bán nhanh'!$D$4:$M$103,INT((ROW()-4)/10)+1,MOD(ROW()-4,10)+1)<=0),"",INDEX('Bán nhanh'!$D$3:$M$3,1,MOD(ROW()-4,10)+1))} | C36: {=IFERROR(INDEX('Sản phẩm'!$A$4:$A$103,MATCH(B36,'Sản phẩm'!$D$4:$D$103,0)),"")} | D36: {=IF(B36="","",INDEX('Bán nhanh'!$B$4:$B$103,INT((ROW()-4)/10)+1))} | E36: {=IFERROR(INDEX('Mẻ sữa'!$B$4:$B$203,MATCH(D36,'Mẻ sữa'!$C$4:$C$203,0)),"")} | F36: {=IF(B36="",0,INDEX('Bán nhanh'!$D$4:$M$103,INT((ROW()-4)/10)+1,MOD(ROW()-4,10)+1))} -> 0 | G36: {=IFERROR(INDEX('Sản phẩm'!$F$4:$F$103,MATCH(B36,'Sản phẩm'!$D$4:$D$103,0)),0)} -> 0 | H36: =0 -> 0 | I36: =IF(B36="",0,F36*G36-H36) -> 0 | J36: {=IFERROR(INDEX('Sản phẩm'!$G$4:$G$103,MATCH(B36,'Sản phẩm'!$D$4:$D$103,0)),0)} -> 0 | K36: {=IFERROR(J36*INDEX('Mẻ sữa'!$N$4:$N$203,MATCH(D36,'Mẻ sữa'!$C$4:$C$203,0)),0)} -> 0 | L36: {=IFERROR(INDEX('Sản phẩm'!$I$4:$I$103,MATCH(B36,'Sản phẩm'!$D$4:$D$103,0)),0)} -> 0 | M36: {=IFERROR(INDEX('Sản phẩm'!$J$4:$J$103,MATCH(B36,'Sản phẩm'!$D$4:$D$103,0)),0)} | N36: =IF(B36="",0,(K36+L36+M36)*'Thiết lập'!$B$8) -> 0 | O36: =IF(B36="",0,SUM(K36:N36)) -> 0 | P36: =IF(B36="",0,F36*O36) -> 0 | Q36: =IF(B36="",0,I36-P36) -> 0 | R36: {=IF(B36="","",INDEX('Bán nhanh'!$C$4:$C$103,INT((ROW()-4)/10)+1))} | S36: {=IF(B36="","",INDEX('Bán nhanh'!$P$4:$P$103,INT((ROW()-4)/10)+1))} | U36: =IF('Mẻ sữa'!F37<>"",'Mẻ sữa'!F37,"") | W36: =IF('Sản phẩm'!D37<>"",'Sản phẩm'!D37,"")
A37: {=IF(B37="","",INDEX('Bán nhanh'!$A$4:$A$103,INT((ROW()-4)/10)+1))} | B37: {=IF(OR(INDEX('Bán nhanh'!$D$3:$M$3,1,MOD(ROW()-4,10)+1)="",INDEX('Bán nhanh'!$D$4:$M$103,INT((ROW()-4)/10)+1,MOD(ROW()-4,10)+1)<=0),"",INDEX('Bán nhanh'!$D$3:$M$3,1,MOD(ROW()-4,10)+1))} | C37: {=IFERROR(INDEX('Sản phẩm'!$A$4:$A$103,MATCH(B37,'Sản phẩm'!$D$4:$D$103,0)),"")} | D37: {=IF(B37="","",INDEX('Bán nhanh'!$B$4:$B$103,INT((ROW()-4)/10)+1))} | E37: {=IFERROR(INDEX('Mẻ sữa'!$B$4:$B$203,MATCH(D37,'Mẻ sữa'!$C$4:$C$203,0)),"")} | F37: {=IF(B37="",0,INDEX('Bán nhanh'!$D$4:$M$103,INT((ROW()-4)/10)+1,MOD(ROW()-4,10)+1))} -> 0 | G37: {=IFERROR(INDEX('Sản phẩm'!$F$4:$F$103,MATCH(B37,'Sản phẩm'!$D$4:$D$103,0)),0)} -> 0 | H37: =0 -> 0 | I37: =IF(B37="",0,F37*G37-H37) -> 0 | J37: {=IFERROR(INDEX('Sản phẩm'!$G$4:$G$103,MATCH(B37,'Sản phẩm'!$D$4:$D$103,0)),0)} -> 0 | K37: {=IFERROR(J37*INDEX('Mẻ sữa'!$N$4:$N$203,MATCH(D37,'Mẻ sữa'!$C$4:$C$203,0)),0)} -> 0 | L37: {=IFERROR(INDEX('Sản phẩm'!$I$4:$I$103,MATCH(B37,'Sản phẩm'!$D$4:$D$103,0)),0)} -> 0 | M37: {=IFERROR(INDEX('Sản phẩm'!$J$4:$J$103,MATCH(B37,'Sản phẩm'!$D$4:$D$103,0)),0)} | N37: =IF(B37="",0,(K37+L37+M37)*'Thiết lập'!$B$8) -> 0 | O37: =IF(B37="",0,SUM(K37:N37)) -> 0 | P37: =IF(B37="",0,F37*O37) -> 0 | Q37: =IF(B37="",0,I37-P37) -> 0 | R37: {=IF(B37="","",INDEX('Bán nhanh'!$C$4:$C$103,INT((ROW()-4)/10)+1))} | S37: {=IF(B37="","",INDEX('Bán nhanh'!$P$4:$P$103,INT((ROW()-4)/10)+1))} | U37: =IF('Mẻ sữa'!F38<>"",'Mẻ sữa'!F38,"") | W37: =IF('Sản phẩm'!D38<>"",'Sản phẩm'!D38,"")
... A39: {=IF(B39="","",INDEX('Bán nhanh'!$A$4:$A$103,INT((ROW()-4)/10)+1))} | B39: {=IF(OR(INDEX('Bán nhanh'!$D$3:$M$3,1,MOD(ROW()-4,10)+1)="",INDEX('Bán nhanh'!$D$4:$M$103,INT((ROW()-4)/10)+1,MOD(ROW()-4,10)+1)<=0),"",INDEX('Bán nhanh'!$D$3:$M$3,1,MOD(ROW()-4,10)+1))} | C39: {=IFERROR(INDEX('Sản phẩm'!$A$4:$A$103,MATCH(B39,'Sản phẩm'!$D$4:$D$103,0)),"")} | D39: {=IF(B39="","",INDEX('Bán nhanh'!$B$4:$B$103,INT((ROW()-4)/10)+1))} | E39: {=IFERROR(INDEX('Mẻ sữa'!$B$4:$B$203,MATCH(D39,'Mẻ sữa'!$C$4:$C$203,0)),"")} | F39: {=IF(B39="",0,INDEX('Bán nhanh'!$D$4:$M$103,INT((ROW()-4)/10)+1,MOD(ROW()-4,10)+1))} -> 0 | G39: {=IFERROR(INDEX('Sản phẩm'!$F$4:$F$103,MATCH(B39,'Sản phẩm'!$D$4:$D$103,0)),0)} -> 0 | H39: =0 -> 0 | I39: =IF(B39="",0,F39*G39-H39) -> 0 | J39: {=IFERROR(INDEX('Sản phẩm'!$G$4:$G$103,MATCH(B39,'Sản phẩm'!$D$4:$D$103,0)),0)} -> 0 | K39: {=IFERROR(J39*INDEX('Mẻ sữa'!$N$4:$N$203,MATCH(D39,'Mẻ sữa'!$C$4:$C$203,0)),0)} -> 0 | L39: {=IFERROR(INDEX('Sản phẩm'!$I$4:$I$103,MATCH(B39,'Sản phẩm'!$D$4:$D$103,0)),0)} -> 0 | M39: {=IFERROR(INDEX('Sản phẩm'!$J$4:$J$103,MATCH(B39,'Sản phẩm'!$D$4:$D$103,0)),0)} | N39: =IF(B39="",0,(K39+L39+M39)*'Thiết lập'!$B$8) -> 0 | O39: =IF(B39="",0,SUM(K39:N39)) -> 0 | P39: =IF(B39="",0,F39*O39) -> 0 | Q39: =IF(B39="",0,I39-P39) -> 0 | R39: {=IF(B39="","",INDEX('Bán nhanh'!$C$4:$C$103,INT((ROW()-4)/10)+1))} | S39: {=IF(B39="","",INDEX('Bán nhanh'!$P$4:$P$103,INT((ROW()-4)/10)+1))} | U39: =IF('Mẻ sữa'!F40<>"",'Mẻ sữa'!F40,"") | W39: =IF('Sản phẩm'!D40<>"",'Sản phẩm'!D40,"")
A40: {=IF(B40="","",INDEX('Bán nhanh'!$A$4:$A$103,INT((ROW()-4)/10)+1))} | B40: {=IF(OR(INDEX('Bán nhanh'!$D$3:$M$3,1,MOD(ROW()-4,10)+1)="",INDEX('Bán nhanh'!$D$4:$M$103,INT((ROW()-4)/10)+1,MOD(ROW()-4,10)+1)<=0),"",INDEX('Bán nhanh'!$D$3:$M$3,1,MOD(ROW()-4,10)+1))} | C40: {=IFERROR(INDEX('Sản phẩm'!$A$4:$A$103,MATCH(B40,'Sản phẩm'!$D$4:$D$103,0)),"")} | D40: {=IF(B40="","",INDEX('Bán nhanh'!$B$4:$B$103,INT((ROW()-4)/10)+1))} | E40: {=IFERROR(INDEX('Mẻ sữa'!$B$4:$B$203,MATCH(D40,'Mẻ sữa'!$C$4:$C$203,0)),"")} | F40: {=IF(B40="",0,INDEX('Bán nhanh'!$D$4:$M$103,INT((ROW()-4)/10)+1,MOD(ROW()-4,10)+1))} -> 0 | G40: {=IFERROR(INDEX('Sản phẩm'!$F$4:$F$103,MATCH(B40,'Sản phẩm'!$D$4:$D$103,0)),0)} -> 0 | H40: =0 -> 0 | I40: =IF(B40="",0,F40*G40-H40) -> 0 | J40: {=IFERROR(INDEX('Sản phẩm'!$G$4:$G$103,MATCH(B40,'Sản phẩm'!$D$4:$D$103,0)),0)} -> 0 | K40: {=IFERROR(J40*INDEX('Mẻ sữa'!$N$4:$N$203,MATCH(D40,'Mẻ sữa'!$C$4:$C$203,0)),0)} -> 0 | L40: {=IFERROR(INDEX('Sản phẩm'!$I$4:$I$103,MATCH(B40,'Sản phẩm'!$D$4:$D$103,0)),0)} -> 0 | M40: {=IFERROR(INDEX('Sản phẩm'!$J$4:$J$103,MATCH(B40,'Sản phẩm'!$D$4:$D$103,0)),0)} | N40: =IF(B40="",0,(K40+L40+M40)*'Thiết lập'!$B$8) -> 0 | O40: =IF(B40="",0,SUM(K40:N40)) -> 0 | P40: =IF(B40="",0,F40*O40) -> 0 | Q40: =IF(B40="",0,I40-P40) -> 0 | R40: {=IF(B40="","",INDEX('Bán nhanh'!$C$4:$C$103,INT((ROW()-4)/10)+1))} | S40: {=IF(B40="","",INDEX('Bán nhanh'!$P$4:$P$103,INT((ROW()-4)/10)+1))} | U40: =IF('Mẻ sữa'!F41<>"",'Mẻ sữa'!F41,"")
A41: {=IF(B41="","",INDEX('Bán nhanh'!$A$4:$A$103,INT((ROW()-4)/10)+1))} | B41: {=IF(OR(INDEX('Bán nhanh'!$D$3:$M$3,1,MOD(ROW()-4,10)+1)="",INDEX('Bán nhanh'!$D$4:$M$103,INT((ROW()-4)/10)+1,MOD(ROW()-4,10)+1)<=0),"",INDEX('Bán nhanh'!$D$3:$M$3,1,MOD(ROW()-4,10)+1))} | C41: {=IFERROR(INDEX('Sản phẩm'!$A$4:$A$103,MATCH(B41,'Sản phẩm'!$D$4:$D$103,0)),"")} | D41: {=IF(B41="","",INDEX('Bán nhanh'!$B$4:$B$103,INT((ROW()-4)/10)+1))} | E41: {=IFERROR(INDEX('Mẻ sữa'!$B$4:$B$203,MATCH(D41,'Mẻ sữa'!$C$4:$C$203,0)),"")} | F41: {=IF(B41="",0,INDEX('Bán nhanh'!$D$4:$M$103,INT((ROW()-4)/10)+1,MOD(ROW()-4,10)+1))} -> 0 | G41: {=IFERROR(INDEX('Sản phẩm'!$F$4:$F$103,MATCH(B41,'Sản phẩm'!$D$4:$D$103,0)),0)} -> 0 | H41: =0 -> 0 | I41: =IF(B41="",0,F41*G41-H41) -> 0 | J41: {=IFERROR(INDEX('Sản phẩm'!$G$4:$G$103,MATCH(B41,'Sản phẩm'!$D$4:$D$103,0)),0)} -> 0 | K41: {=IFERROR(J41*INDEX('Mẻ sữa'!$N$4:$N$203,MATCH(D41,'Mẻ sữa'!$C$4:$C$203,0)),0)} -> 0 | L41: {=IFERROR(INDEX('Sản phẩm'!$I$4:$I$103,MATCH(B41,'Sản phẩm'!$D$4:$D$103,0)),0)} -> 0 | M41: {=IFERROR(INDEX('Sản phẩm'!$J$4:$J$103,MATCH(B41,'Sản phẩm'!$D$4:$D$103,0)),0)} | N41: =IF(B41="",0,(K41+L41+M41)*'Thiết lập'!$B$8) -> 0 | O41: =IF(B41="",0,SUM(K41:N41)) -> 0 | P41: =IF(B41="",0,F41*O41) -> 0 | Q41: =IF(B41="",0,I41-P41) -> 0 | R41: {=IF(B41="","",INDEX('Bán nhanh'!$C$4:$C$103,INT((ROW()-4)/10)+1))} | S41: {=IF(B41="","",INDEX('Bán nhanh'!$P$4:$P$103,INT((ROW()-4)/10)+1))} | U41: =IF('Mẻ sữa'!F42<>"",'Mẻ sữa'!F42,"")
A42: {=IF(B42="","",INDEX('Bán nhanh'!$A$4:$A$103,INT((ROW()-4)/10)+1))} | B42: {=IF(OR(INDEX('Bán nhanh'!$D$3:$M$3,1,MOD(ROW()-4,10)+1)="",INDEX('Bán nhanh'!$D$4:$M$103,INT((ROW()-4)/10)+1,MOD(ROW()-4,10)+1)<=0),"",INDEX('Bán nhanh'!$D$3:$M$3,1,MOD(ROW()-4,10)+1))} | C42: {=IFERROR(INDEX('Sản phẩm'!$A$4:$A$103,MATCH(B42,'Sản phẩm'!$D$4:$D$103,0)),"")} | D42: {=IF(B42="","",INDEX('Bán nhanh'!$B$4:$B$103,INT((ROW()-4)/10)+1))} | E42: {=IFERROR(INDEX('Mẻ sữa'!$B$4:$B$203,MATCH(D42,'Mẻ sữa'!$C$4:$C$203,0)),"")} | F42: {=IF(B42="",0,INDEX('Bán nhanh'!$D$4:$M$103,INT((ROW()-4)/10)+1,MOD(ROW()-4,10)+1))} -> 0 | G42: {=IFERROR(INDEX('Sản phẩm'!$F$4:$F$103,MATCH(B42,'Sản phẩm'!$D$4:$D$103,0)),0)} -> 0 | H42: =0 -> 0 | I42: =IF(B42="",0,F42*G42-H42) -> 0 | J42: {=IFERROR(INDEX('Sản phẩm'!$G$4:$G$103,MATCH(B42,'Sản phẩm'!$D$4:$D$103,0)),0)} -> 0 | K42: {=IFERROR(J42*INDEX('Mẻ sữa'!$N$4:$N$203,MATCH(D42,'Mẻ sữa'!$C$4:$C$203,0)),0)} -> 0 | L42: {=IFERROR(INDEX('Sản phẩm'!$I$4:$I$103,MATCH(B42,'Sản phẩm'!$D$4:$D$103,0)),0)} -> 0 | M42: {=IFERROR(INDEX('Sản phẩm'!$J$4:$J$103,MATCH(B42,'Sản phẩm'!$D$4:$D$103,0)),0)} | N42: =IF(B42="",0,(K42+L42+M42)*'Thiết lập'!$B$8) -> 0 | O42: =IF(B42="",0,SUM(K42:N42)) -> 0 | P42: =IF(B42="",0,F42*O42) -> 0 | Q42: =IF(B42="",0,I42-P42) -> 0 | R42: {=IF(B42="","",INDEX('Bán nhanh'!$C$4:$C$103,INT((ROW()-4)/10)+1))} | S42: {=IF(B42="","",INDEX('Bán nhanh'!$P$4:$P$103,INT((ROW()-4)/10)+1))} | U42: =IF('Mẻ sữa'!F43<>"",'Mẻ sữa'!F43,"")
A43: {=IF(B43="","",INDEX('Bán nhanh'!$A$4:$A$103,INT((ROW()-4)/10)+1))} | B43: {=IF(OR(INDEX('Bán nhanh'!$D$3:$M$3,1,MOD(ROW()-4,10)+1)="",INDEX('Bán nhanh'!$D$4:$M$103,INT((ROW()-4)/10)+1,MOD(ROW()-4,10)+1)<=0),"",INDEX('Bán nhanh'!$D$3:$M$3,1,MOD(ROW()-4,10)+1))} | C43: {=IFERROR(INDEX('Sản phẩm'!$A$4:$A$103,MATCH(B43,'Sản phẩm'!$D$4:$D$103,0)),"")} | D43: {=IF(B43="","",INDEX('Bán nhanh'!$B$4:$B$103,INT((ROW()-4)/10)+1))} | E43: {=IFERROR(INDEX('Mẻ sữa'!$B$4:$B$203,MATCH(D43,'Mẻ sữa'!$C$4:$C$203,0)),"")} | F43: {=IF(B43="",0,INDEX('Bán nhanh'!$D$4:$M$103,INT((ROW()-4)/10)+1,MOD(ROW()-4,10)+1))} -> 0 | G43: {=IFERROR(INDEX('Sản phẩm'!$F$4:$F$103,MATCH(B43,'Sản phẩm'!$D$4:$D$103,0)),0)} -> 0 | H43: =0 -> 0 | I43: =IF(B43="",0,F43*G43-H43) -> 0 | J43: {=IFERROR(INDEX('Sản phẩm'!$G$4:$G$103,MATCH(B43,'Sản phẩm'!$D$4:$D$103,0)),0)} -> 0 | K43: {=IFERROR(J43*INDEX('Mẻ sữa'!$N$4:$N$203,MATCH(D43,'Mẻ sữa'!$C$4:$C$203,0)),0)} -> 0 | L43: {=IFERROR(INDEX('Sản phẩm'!$I$4:$I$103,MATCH(B43,'Sản phẩm'!$D$4:$D$103,0)),0)} -> 0 | M43: {=IFERROR(INDEX('Sản phẩm'!$J$4:$J$103,MATCH(B43,'Sản phẩm'!$D$4:$D$103,0)),0)} | N43: =IF(B43="",0,(K43+L43+M43)*'Thiết lập'!$B$8) -> 0 | O43: =IF(B43="",0,SUM(K43:N43)) -> 0 | P43: =IF(B43="",0,F43*O43) -> 0 | Q43: =IF(B43="",0,I43-P43) -> 0 | R43: {=IF(B43="","",INDEX('Bán nhanh'!$C$4:$C$103,INT((ROW()-4)/10)+1))} | S43: {=IF(B43="","",INDEX('Bán nhanh'!$P$4:$P$103,INT((ROW()-4)/10)+1))} | U43: =IF('Mẻ sữa'!F44<>"",'Mẻ sữa'!F44,"")
A44: {=IF(B44="","",INDEX('Bán nhanh'!$A$4:$A$103,INT((ROW()-4)/10)+1))} | B44: {=IF(OR(INDEX('Bán nhanh'!$D$3:$M$3,1,MOD(ROW()-4,10)+1)="",INDEX('Bán nhanh'!$D$4:$M$103,INT((ROW()-4)/10)+1,MOD(ROW()-4,10)+1)<=0),"",INDEX('Bán nhanh'!$D$3:$M$3,1,MOD(ROW()-4,10)+1))} | C44: {=IFERROR(INDEX('Sản phẩm'!$A$4:$A$103,MATCH(B44,'Sản phẩm'!$D$4:$D$103,0)),"")} | D44: {=IF(B44="","",INDEX('Bán nhanh'!$B$4:$B$103,INT((ROW()-4)/10)+1))} | E44: {=IFERROR(INDEX('Mẻ sữa'!$B$4:$B$203,MATCH(D44,'Mẻ sữa'!$C$4:$C$203,0)),"")} | F44: {=IF(B44="",0,INDEX('Bán nhanh'!$D$4:$M$103,INT((ROW()-4)/10)+1,MOD(ROW()-4,10)+1))} -> 0 | G44: {=IFERROR(INDEX('Sản phẩm'!$F$4:$F$103,MATCH(B44,'Sản phẩm'!$D$4:$D$103,0)),0)} -> 0 | H44: =0 -> 0 | I44: =IF(B44="",0,F44*G44-H44) -> 0 | J44: {=IFERROR(INDEX('Sản phẩm'!$G$4:$G$103,MATCH(B44,'Sản phẩm'!$D$4:$D$103,0)),0)} -> 0 | K44: {=IFERROR(J44*INDEX('Mẻ sữa'!$N$4:$N$203,MATCH(D44,'Mẻ sữa'!$C$4:$C$203,0)),0)} -> 0 | L44: {=IFERROR(INDEX('Sản phẩm'!$I$4:$I$103,MATCH(B44,'Sản phẩm'!$D$4:$D$103,0)),0)} -> 0 | M44: {=IFERROR(INDEX('Sản phẩm'!$J$4:$J$103,MATCH(B44,'Sản phẩm'!$D$4:$D$103,0)),0)} | N44: =IF(B44="",0,(K44+L44+M44)*'Thiết lập'!$B$8) -> 0 | O44: =IF(B44="",0,SUM(K44:N44)) -> 0 | P44: =IF(B44="",0,F44*O44) -> 0 | Q44: =IF(B44="",0,I44-P44) -> 0 | R44: {=IF(B44="","",INDEX('Bán nhanh'!$C$4:$C$103,INT((ROW()-4)/10)+1))} | S44: {=IF(B44="","",INDEX('Bán nhanh'!$P$4:$P$103,INT((ROW()-4)/10)+1))} | U44: =IF('Mẻ sữa'!F45<>"",'Mẻ sữa'!F45,"")
A45: {=IF(B45="","",INDEX('Bán nhanh'!$A$4:$A$103,INT((ROW()-4)/10)+1))} | B45: {=IF(OR(INDEX('Bán nhanh'!$D$3:$M$3,1,MOD(ROW()-4,10)+1)="",INDEX('Bán nhanh'!$D$4:$M$103,INT((ROW()-4)/10)+1,MOD(ROW()-4,10)+1)<=0),"",INDEX('Bán nhanh'!$D$3:$M$3,1,MOD(ROW()-4,10)+1))} | C45: {=IFERROR(INDEX('Sản phẩm'!$A$4:$A$103,MATCH(B45,'Sản phẩm'!$D$4:$D$103,0)),"")} | D45: {=IF(B45="","",INDEX('Bán nhanh'!$B$4:$B$103,INT((ROW()-4)/10)+1))} | E45: {=IFERROR(INDEX('Mẻ sữa'!$B$4:$B$203,MATCH(D45,'Mẻ sữa'!$C$4:$C$203,0)),"")} | F45: {=IF(B45="",0,INDEX('Bán nhanh'!$D$4:$M$103,INT((ROW()-4)/10)+1,MOD(ROW()-4,10)+1))} -> 0 | G45: {=IFERROR(INDEX('Sản phẩm'!$F$4:$F$103,MATCH(B45,'Sản phẩm'!$D$4:$D$103,0)),0)} -> 0 | H45: =0 -> 0 | I45: =IF(B45="",0,F45*G45-H45) -> 0 | J45: {=IFERROR(INDEX('Sản phẩm'!$G$4:$G$103,MATCH(B45,'Sản phẩm'!$D$4:$D$103,0)),0)} -> 0 | K45: {=IFERROR(J45*INDEX('Mẻ sữa'!$N$4:$N$203,MATCH(D45,'Mẻ sữa'!$C$4:$C$203,0)),0)} -> 0 | L45: {=IFERROR(INDEX('Sản phẩm'!$I$4:$I$103,MATCH(B45,'Sản phẩm'!$D$4:$D$103,0)),0)} -> 0 | M45: {=IFERROR(INDEX('Sản phẩm'!$J$4:$J$103,MATCH(B45,'Sản phẩm'!$D$4:$D$103,0)),0)} | N45: =IF(B45="",0,(K45+L45+M45)*'Thiết lập'!$B$8) -> 0 | O45: =IF(B45="",0,SUM(K45:N45)) -> 0 | P45: =IF(B45="",0,F45*O45) -> 0 | Q45: =IF(B45="",0,I45-P45) -> 0 | R45: {=IF(B45="","",INDEX('Bán nhanh'!$C$4:$C$103,INT((ROW()-4)/10)+1))} | S45: {=IF(B45="","",INDEX('Bán nhanh'!$P$4:$P$103,INT((ROW()-4)/10)+1))} | U45: =IF('Mẻ sữa'!F46<>"",'Mẻ sữa'!F46,"")
A46: {=IF(B46="","",INDEX('Bán nhanh'!$A$4:$A$103,INT((ROW()-4)/10)+1))} | B46: {=IF(OR(INDEX('Bán nhanh'!$D$3:$M$3,1,MOD(ROW()-4,10)+1)="",INDEX('Bán nhanh'!$D$4:$M$103,INT((ROW()-4)/10)+1,MOD(ROW()-4,10)+1)<=0),"",INDEX('Bán nhanh'!$D$3:$M$3,1,MOD(ROW()-4,10)+1))} | C46: {=IFERROR(INDEX('Sản phẩm'!$A$4:$A$103,MATCH(B46,'Sản phẩm'!$D$4:$D$103,0)),"")} | D46: {=IF(B46="","",INDEX('Bán nhanh'!$B$4:$B$103,INT((ROW()-4)/10)+1))} | E46: {=IFERROR(INDEX('Mẻ sữa'!$B$4:$B$203,MATCH(D46,'Mẻ sữa'!$C$4:$C$203,0)),"")} | F46: {=IF(B46="",0,INDEX('Bán nhanh'!$D$4:$M$103,INT((ROW()-4)/10)+1,MOD(ROW()-4,10)+1))} -> 0 | G46: {=IFERROR(INDEX('Sản phẩm'!$F$4:$F$103,MATCH(B46,'Sản phẩm'!$D$4:$D$103,0)),0)} -> 0 | H46: =0 -> 0 | I46: =IF(B46="",0,F46*G46-H46) -> 0 | J46: {=IFERROR(INDEX('Sản phẩm'!$G$4:$G$103,MATCH(B46,'Sản phẩm'!$D$4:$D$103,0)),0)} -> 0 | K46: {=IFERROR(J46*INDEX('Mẻ sữa'!$N$4:$N$203,MATCH(D46,'Mẻ sữa'!$C$4:$C$203,0)),0)} -> 0 | L46: {=IFERROR(INDEX('Sản phẩm'!$I$4:$I$103,MATCH(B46,'Sản phẩm'!$D$4:$D$103,0)),0)} -> 0 | M46: {=IFERROR(INDEX('Sản phẩm'!$J$4:$J$103,MATCH(B46,'Sản phẩm'!$D$4:$D$103,0)),0)} | N46: =IF(B46="",0,(K46+L46+M46)*'Thiết lập'!$B$8) -> 0 | O46: =IF(B46="",0,SUM(K46:N46)) -> 0 | P46: =IF(B46="",0,F46*O46) -> 0 | Q46: =IF(B46="",0,I46-P46) -> 0 | R46: {=IF(B46="","",INDEX('Bán nhanh'!$C$4:$C$103,INT((ROW()-4)/10)+1))} | S46: {=IF(B46="","",INDEX('Bán nhanh'!$P$4:$P$103,INT((ROW()-4)/10)+1))} | U46: =IF('Mẻ sữa'!F47<>"",'Mẻ sữa'!F47,"")
A47: {=IF(B47="","",INDEX('Bán nhanh'!$A$4:$A$103,INT((ROW()-4)/10)+1))} | B47: {=IF(OR(INDEX('Bán nhanh'!$D$3:$M$3,1,MOD(ROW()-4,10)+1)="",INDEX('Bán nhanh'!$D$4:$M$103,INT((ROW()-4)/10)+1,MOD(ROW()-4,10)+1)<=0),"",INDEX('Bán nhanh'!$D$3:$M$3,1,MOD(ROW()-4,10)+1))} | C47: {=IFERROR(INDEX('Sản phẩm'!$A$4:$A$103,MATCH(B47,'Sản phẩm'!$D$4:$D$103,0)),"")} | D47: {=IF(B47="","",INDEX('Bán nhanh'!$B$4:$B$103,INT((ROW()-4)/10)+1))} | E47: {=IFERROR(INDEX('Mẻ sữa'!$B$4:$B$203,MATCH(D47,'Mẻ sữa'!$C$4:$C$203,0)),"")} | F47: {=IF(B47="",0,INDEX('Bán nhanh'!$D$4:$M$103,INT((ROW()-4)/10)+1,MOD(ROW()-4,10)+1))} -> 0 | G47: {=IFERROR(INDEX('Sản phẩm'!$F$4:$F$103,MATCH(B47,'Sản phẩm'!$D$4:$D$103,0)),0)} -> 0 | H47: =0 -> 0 | I47: =IF(B47="",0,F47*G47-H47) -> 0 | J47: {=IFERROR(INDEX('Sản phẩm'!$G$4:$G$103,MATCH(B47,'Sản phẩm'!$D$4:$D$103,0)),0)} -> 0 | K47: {=IFERROR(J47*INDEX('Mẻ sữa'!$N$4:$N$203,MATCH(D47,'Mẻ sữa'!$C$4:$C$203,0)),0)} -> 0 | L47: {=IFERROR(INDEX('Sản phẩm'!$I$4:$I$103,MATCH(B47,'Sản phẩm'!$D$4:$D$103,0)),0)} -> 0 | M47: {=IFERROR(INDEX('Sản phẩm'!$J$4:$J$103,MATCH(B47,'Sản phẩm'!$D$4:$D$103,0)),0)} | N47: =IF(B47="",0,(K47+L47+M47)*'Thiết lập'!$B$8) -> 0 | O47: =IF(B47="",0,SUM(K47:N47)) -> 0 | P47: =IF(B47="",0,F47*O47) -> 0 | Q47: =IF(B47="",0,I47-P47) -> 0 | R47: {=IF(B47="","",INDEX('Bán nhanh'!$C$4:$C$103,INT((ROW()-4)/10)+1))} | S47: {=IF(B47="","",INDEX('Bán nhanh'!$P$4:$P$103,INT((ROW()-4)/10)+1))} | U47: =IF('Mẻ sữa'!F48<>"",'Mẻ sữa'!F48,"")
A48: {=IF(B48="","",INDEX('Bán nhanh'!$A$4:$A$103,INT((ROW()-4)/10)+1))} | B48: {=IF(OR(INDEX('Bán nhanh'!$D$3:$M$3,1,MOD(ROW()-4,10)+1)="",INDEX('Bán nhanh'!$D$4:$M$103,INT((ROW()-4)/10)+1,MOD(ROW()-4,10)+1)<=0),"",INDEX('Bán nhanh'!$D$3:$M$3,1,MOD(ROW()-4,10)+1))} | C48: {=IFERROR(INDEX('Sản phẩm'!$A$4:$A$103,MATCH(B48,'Sản phẩm'!$D$4:$D$103,0)),"")} | D48: {=IF(B48="","",INDEX('Bán nhanh'!$B$4:$B$103,INT((ROW()-4)/10)+1))} | E48: {=IFERROR(INDEX('Mẻ sữa'!$B$4:$B$203,MATCH(D48,'Mẻ sữa'!$C$4:$C$203,0)),"")} | F48: {=IF(B48="",0,INDEX('Bán nhanh'!$D$4:$M$103,INT((ROW()-4)/10)+1,MOD(ROW()-4,10)+1))} -> 0 | G48: {=IFERROR(INDEX('Sản phẩm'!$F$4:$F$103,MATCH(B48,'Sản phẩm'!$D$4:$D$103,0)),0)} -> 0 | H48: =0 -> 0 | I48: =IF(B48="",0,F48*G48-H48) -> 0 | J48: {=IFERROR(INDEX('Sản phẩm'!$G$4:$G$103,MATCH(B48,'Sản phẩm'!$D$4:$D$103,0)),0)} -> 0 | K48: {=IFERROR(J48*INDEX('Mẻ sữa'!$N$4:$N$203,MATCH(D48,'Mẻ sữa'!$C$4:$C$203,0)),0)} -> 0 | L48: {=IFERROR(INDEX('Sản phẩm'!$I$4:$I$103,MATCH(B48,'Sản phẩm'!$D$4:$D$103,0)),0)} -> 0 | M48: {=IFERROR(INDEX('Sản phẩm'!$J$4:$J$103,MATCH(B48,'Sản phẩm'!$D$4:$D$103,0)),0)} | N48: =IF(B48="",0,(K48+L48+M48)*'Thiết lập'!$B$8) -> 0 | O48: =IF(B48="",0,SUM(K48:N48)) -> 0 | P48: =IF(B48="",0,F48*O48) -> 0 | Q48: =IF(B48="",0,I48-P48) -> 0 | R48: {=IF(B48="","",INDEX('Bán nhanh'!$C$4:$C$103,INT((ROW()-4)/10)+1))} | S48: {=IF(B48="","",INDEX('Bán nhanh'!$P$4:$P$103,INT((ROW()-4)/10)+1))} | U48: =IF('Mẻ sữa'!F49<>"",'Mẻ sữa'!F49,"")
A49: {=IF(B49="","",INDEX('Bán nhanh'!$A$4:$A$103,INT((ROW()-4)/10)+1))} | B49: {=IF(OR(INDEX('Bán nhanh'!$D$3:$M$3,1,MOD(ROW()-4,10)+1)="",INDEX('Bán nhanh'!$D$4:$M$103,INT((ROW()-4)/10)+1,MOD(ROW()-4,10)+1)<=0),"",INDEX('Bán nhanh'!$D$3:$M$3,1,MOD(ROW()-4,10)+1))} | C49: {=IFERROR(INDEX('Sản phẩm'!$A$4:$A$103,MATCH(B49,'Sản phẩm'!$D$4:$D$103,0)),"")} | D49: {=IF(B49="","",INDEX('Bán nhanh'!$B$4:$B$103,INT((ROW()-4)/10)+1))} | E49: {=IFERROR(INDEX('Mẻ sữa'!$B$4:$B$203,MATCH(D49,'Mẻ sữa'!$C$4:$C$203,0)),"")} | F49: {=IF(B49="",0,INDEX('Bán nhanh'!$D$4:$M$103,INT((ROW()-4)/10)+1,MOD(ROW()-4,10)+1))} -> 0 | G49: {=IFERROR(INDEX('Sản phẩm'!$F$4:$F$103,MATCH(B49,'Sản phẩm'!$D$4:$D$103,0)),0)} -> 0 | H49: =0 -> 0 | I49: =IF(B49="",0,F49*G49-H49) -> 0 | J49: {=IFERROR(INDEX('Sản phẩm'!$G$4:$G$103,MATCH(B49,'Sản phẩm'!$D$4:$D$103,0)),0)} -> 0 | K49: {=IFERROR(J49*INDEX('Mẻ sữa'!$N$4:$N$203,MATCH(D49,'Mẻ sữa'!$C$4:$C$203,0)),0)} -> 0 | L49: {=IFERROR(INDEX('Sản phẩm'!$I$4:$I$103,MATCH(B49,'Sản phẩm'!$D$4:$D$103,0)),0)} -> 0 | M49: {=IFERROR(INDEX('Sản phẩm'!$J$4:$J$103,MATCH(B49,'Sản phẩm'!$D$4:$D$103,0)),0)} | N49: =IF(B49="",0,(K49+L49+M49)*'Thiết lập'!$B$8) -> 0 | O49: =IF(B49="",0,SUM(K49:N49)) -> 0 | P49: =IF(B49="",0,F49*O49) -> 0 | Q49: =IF(B49="",0,I49-P49) -> 0 | R49: {=IF(B49="","",INDEX('Bán nhanh'!$C$4:$C$103,INT((ROW()-4)/10)+1))} | S49: {=IF(B49="","",INDEX('Bán nhanh'!$P$4:$P$103,INT((ROW()-4)/10)+1))} | U49: =IF('Mẻ sữa'!F50<>"",'Mẻ sữa'!F50,"")
A50: {=IF(B50="","",INDEX('Bán nhanh'!$A$4:$A$103,INT((ROW()-4)/10)+1))} | B50: {=IF(OR(INDEX('Bán nhanh'!$D$3:$M$3,1,MOD(ROW()-4,10)+1)="",INDEX('Bán nhanh'!$D$4:$M$103,INT((ROW()-4)/10)+1,MOD(ROW()-4,10)+1)<=0),"",INDEX('Bán nhanh'!$D$3:$M$3,1,MOD(ROW()-4,10)+1))} | C50: {=IFERROR(INDEX('Sản phẩm'!$A$4:$A$103,MATCH(B50,'Sản phẩm'!$D$4:$D$103,0)),"")} | D50: {=IF(B50="","",INDEX('Bán nhanh'!$B$4:$B$103,INT((ROW()-4)/10)+1))} | E50: {=IFERROR(INDEX('Mẻ sữa'!$B$4:$B$203,MATCH(D50,'Mẻ sữa'!$C$4:$C$203,0)),"")} | F50: {=IF(B50="",0,INDEX('Bán nhanh'!$D$4:$M$103,INT((ROW()-4)/10)+1,MOD(ROW()-4,10)+1))} -> 0 | G50: {=IFERROR(INDEX('Sản phẩm'!$F$4:$F$103,MATCH(B50,'Sản phẩm'!$D$4:$D$103,0)),0)} -> 0 | H50: =0 -> 0 | I50: =IF(B50="",0,F50*G50-H50) -> 0 | J50: {=IFERROR(INDEX('Sản phẩm'!$G$4:$G$103,MATCH(B50,'Sản phẩm'!$D$4:$D$103,0)),0)} -> 0 | K50: {=IFERROR(J50*INDEX('Mẻ sữa'!$N$4:$N$203,MATCH(D50,'Mẻ sữa'!$C$4:$C$203,0)),0)} -> 0 | L50: {=IFERROR(INDEX('Sản phẩm'!$I$4:$I$103,MATCH(B50,'Sản phẩm'!$D$4:$D$103,0)),0)} -> 0 | M50: {=IFERROR(INDEX('Sản phẩm'!$J$4:$J$103,MATCH(B50,'Sản phẩm'!$D$4:$D$103,0)),0)} | N50: =IF(B50="",0,(K50+L50+M50)*'Thiết lập'!$B$8) -> 0 | O50: =IF(B50="",0,SUM(K50:N50)) -> 0 | P50: =IF(B50="",0,F50*O50) -> 0 | Q50: =IF(B50="",0,I50-P50) -> 0 | R50: {=IF(B50="","",INDEX('Bán nhanh'!$C$4:$C$103,INT((ROW()-4)/10)+1))} | S50: {=IF(B50="","",INDEX('Bán nhanh'!$P$4:$P$103,INT((ROW()-4)/10)+1))} | U50: =IF('Mẻ sữa'!F51<>"",'Mẻ sữa'!F51,"")
A51: {=IF(B51="","",INDEX('Bán nhanh'!$A$4:$A$103,INT((ROW()-4)/10)+1))} | B51: {=IF(OR(INDEX('Bán nhanh'!$D$3:$M$3,1,MOD(ROW()-4,10)+1)="",INDEX('Bán nhanh'!$D$4:$M$103,INT((ROW()-4)/10)+1,MOD(ROW()-4,10)+1)<=0),"",INDEX('Bán nhanh'!$D$3:$M$3,1,MOD(ROW()-4,10)+1))} | C51: {=IFERROR(INDEX('Sản phẩm'!$A$4:$A$103,MATCH(B51,'Sản phẩm'!$D$4:$D$103,0)),"")} | D51: {=IF(B51="","",INDEX('Bán nhanh'!$B$4:$B$103,INT((ROW()-4)/10)+1))} | E51: {=IFERROR(INDEX('Mẻ sữa'!$B$4:$B$203,MATCH(D51,'Mẻ sữa'!$C$4:$C$203,0)),"")} | F51: {=IF(B51="",0,INDEX('Bán nhanh'!$D$4:$M$103,INT((ROW()-4)/10)+1,MOD(ROW()-4,10)+1))} -> 0 | G51: {=IFERROR(INDEX('Sản phẩm'!$F$4:$F$103,MATCH(B51,'Sản phẩm'!$D$4:$D$103,0)),0)} -> 0 | H51: =0 -> 0 | I51: =IF(B51="",0,F51*G51-H51) -> 0 | J51: {=IFERROR(INDEX('Sản phẩm'!$G$4:$G$103,MATCH(B51,'Sản phẩm'!$D$4:$D$103,0)),0)} -> 0 | K51: {=IFERROR(J51*INDEX('Mẻ sữa'!$N$4:$N$203,MATCH(D51,'Mẻ sữa'!$C$4:$C$203,0)),0)} -> 0 | L51: {=IFERROR(INDEX('Sản phẩm'!$I$4:$I$103,MATCH(B51,'Sản phẩm'!$D$4:$D$103,0)),0)} -> 0 | M51: {=IFERROR(INDEX('Sản phẩm'!$J$4:$J$103,MATCH(B51,'Sản phẩm'!$D$4:$D$103,0)),0)} | N51: =IF(B51="",0,(K51+L51+M51)*'Thiết lập'!$B$8) -> 0 | O51: =IF(B51="",0,SUM(K51:N51)) -> 0 | P51: =IF(B51="",0,F51*O51) -> 0 | Q51: =IF(B51="",0,I51-P51) -> 0 | R51: {=IF(B51="","",INDEX('Bán nhanh'!$C$4:$C$103,INT((ROW()-4)/10)+1))} | S51: {=IF(B51="","",INDEX('Bán nhanh'!$P$4:$P$103,INT((ROW()-4)/10)+1))} | U51: =IF('Mẻ sữa'!F52<>"",'Mẻ sữa'!F52,"")
... A202: {=IF(B202="","",INDEX('Bán nhanh'!$A$4:$A$103,INT((ROW()-4)/10)+1))} | B202: {=IF(OR(INDEX('Bán nhanh'!$D$3:$M$3,1,MOD(ROW()-4,10)+1)="",INDEX('Bán nhanh'!$D$4:$M$103,INT((ROW()-4)/10)+1,MOD(ROW()-4,10)+1)<=0),"",INDEX('Bán nhanh'!$D$3:$M$3,1,MOD(ROW()-4,10)+1))} | C202: {=IFERROR(INDEX('Sản phẩm'!$A$4:$A$103,MATCH(B202,'Sản phẩm'!$D$4:$D$103,0)),"")} | D202: {=IF(B202="","",INDEX('Bán nhanh'!$B$4:$B$103,INT((ROW()-4)/10)+1))} | E202: {=IFERROR(INDEX('Mẻ sữa'!$B$4:$B$203,MATCH(D202,'Mẻ sữa'!$C$4:$C$203,0)),"")} | F202: {=IF(B202="",0,INDEX('Bán nhanh'!$D$4:$M$103,INT((ROW()-4)/10)+1,MOD(ROW()-4,10)+1))} -> 0 | G202: {=IFERROR(INDEX('Sản phẩm'!$F$4:$F$103,MATCH(B202,'Sản phẩm'!$D$4:$D$103,0)),0)} -> 0 | H202: =0 -> 0 | I202: =IF(B202="",0,F202*G202-H202) -> 0 | J202: {=IFERROR(INDEX('Sản phẩm'!$G$4:$G$103,MATCH(B202,'Sản phẩm'!$D$4:$D$103,0)),0)} -> 0 | K202: {=IFERROR(J202*INDEX('Mẻ sữa'!$N$4:$N$203,MATCH(D202,'Mẻ sữa'!$C$4:$C$203,0)),0)} -> 0 | L202: {=IFERROR(INDEX('Sản phẩm'!$I$4:$I$103,MATCH(B202,'Sản phẩm'!$D$4:$D$103,0)),0)} -> 0 | M202: {=IFERROR(INDEX('Sản phẩm'!$J$4:$J$103,MATCH(B202,'Sản phẩm'!$D$4:$D$103,0)),0)} | N202: =IF(B202="",0,(K202+L202+M202)*'Thiết lập'!$B$8) -> 0 | O202: =IF(B202="",0,SUM(K202:N202)) -> 0 | P202: =IF(B202="",0,F202*O202) -> 0 | Q202: =IF(B202="",0,I202-P202) -> 0 | R202: {=IF(B202="","",INDEX('Bán nhanh'!$C$4:$C$103,INT((ROW()-4)/10)+1))} | S202: {=IF(B202="","",INDEX('Bán nhanh'!$P$4:$P$103,INT((ROW()-4)/10)+1))} | U202: =IF('Mẻ sữa'!F203<>"",'Mẻ sữa'!F203,"")
A203: {=IF(B203="","",INDEX('Bán nhanh'!$A$4:$A$103,INT((ROW()-4)/10)+1))} | B203: {=IF(OR(INDEX('Bán nhanh'!$D$3:$M$3,1,MOD(ROW()-4,10)+1)="",INDEX('Bán nhanh'!$D$4:$M$103,INT((ROW()-4)/10)+1,MOD(ROW()-4,10)+1)<=0),"",INDEX('Bán nhanh'!$D$3:$M$3,1,MOD(ROW()-4,10)+1))} | C203: {=IFERROR(INDEX('Sản phẩm'!$A$4:$A$103,MATCH(B203,'Sản phẩm'!$D$4:$D$103,0)),"")} | D203: {=IF(B203="","",INDEX('Bán nhanh'!$B$4:$B$103,INT((ROW()-4)/10)+1))} | E203: {=IFERROR(INDEX('Mẻ sữa'!$B$4:$B$203,MATCH(D203,'Mẻ sữa'!$C$4:$C$203,0)),"")} | F203: {=IF(B203="",0,INDEX('Bán nhanh'!$D$4:$M$103,INT((ROW()-4)/10)+1,MOD(ROW()-4,10)+1))} -> 0 | G203: {=IFERROR(INDEX('Sản phẩm'!$F$4:$F$103,MATCH(B203,'Sản phẩm'!$D$4:$D$103,0)),0)} -> 0 | H203: =0 -> 0 | I203: =IF(B203="",0,F203*G203-H203) -> 0 | J203: {=IFERROR(INDEX('Sản phẩm'!$G$4:$G$103,MATCH(B203,'Sản phẩm'!$D$4:$D$103,0)),0)} -> 0 | K203: {=IFERROR(J203*INDEX('Mẻ sữa'!$N$4:$N$203,MATCH(D203,'Mẻ sữa'!$C$4:$C$203,0)),0)} -> 0 | L203: {=IFERROR(INDEX('Sản phẩm'!$I$4:$I$103,MATCH(B203,'Sản phẩm'!$D$4:$D$103,0)),0)} -> 0 | M203: {=IFERROR(INDEX('Sản phẩm'!$J$4:$J$103,MATCH(B203,'Sản phẩm'!$D$4:$D$103,0)),0)} | N203: =IF(B203="",0,(K203+L203+M203)*'Thiết lập'!$B$8) -> 0 | O203: =IF(B203="",0,SUM(K203:N203)) -> 0 | P203: =IF(B203="",0,F203*O203) -> 0 | Q203: =IF(B203="",0,I203-P203) -> 0 | R203: {=IF(B203="","",INDEX('Bán nhanh'!$C$4:$C$103,INT((ROW()-4)/10)+1))} | S203: {=IF(B203="","",INDEX('Bán nhanh'!$P$4:$P$103,INT((ROW()-4)/10)+1))}
